,text,start,end
0,"Hi,",0.0,0.64
1,I'm,0.9,0.92
2,Chris,0.92,1.14
3,Peech.,1.14,1.56
4,I'm,1.68,1.78
5,a,1.78,1.94
6,professor,1.94,2.16
7,of,2.16,2.42
8,computer,2.42,2.52
9,science,2.52,2.96
10,at,2.96,3.16
11,Stanford,3.16,3.36
12,University.,3.36,3.86
13,Today,4.3,4.3
14,I'll,4.3,4.44
15,be,4.44,4.62
16,answering,4.62,4.8
17,your,4.8,5.0
18,questions,5.0,5.2
19,from,5.2,5.5
20,Twitter.,5.5,5.98
21,This,6.16,6.46
22,is,6.46,6.8
23,coding,6.8,6.96
24,support.,6.96,7.38
25,First,11.700000000000003,12.14
26,up,12.14,12.54
27,from,12.54,12.88
28,MoaJumTXT.,12.88,13.72
29,How,13.92,14.12
30,many,14.12,14.32
31,coding,14.32,14.56
32,languages,14.56,14.88
33,are,14.88,15.14
34,there?,15.14,15.4
35,"Well,",15.5,15.58
36,"MoaJum,",15.58,15.94
37,there's,16.28,16.54
38,a,16.54,16.8
39,lot,16.8,16.94
40,of,16.94,17.14
41,coding,17.14,17.32
42,languages.,17.32,17.68
43,Some,17.9,18.02
44,of,18.02,18.08
45,the,18.08,18.16
46,most,18.16,18.32
47,popular,18.32,18.5
48,ones,18.5,18.8
49,include,18.8,19.36
50,Python.,19.36,19.78
51,That's,20.28,20.34
52,great,20.34,20.52
53,if,20.52,20.66
54,you're,20.66,21.0
55,doing,21.0,21.06
56,data,21.06,21.34
57,science,21.34,21.7
58,or,21.7,21.82
59,if,21.82,21.96
60,you're,21.96,22.16
61,writing,22.16,22.32
62,scripts,22.32,22.76
63,for,22.76,23.04
64,your,23.04,23.26
65,computer.,23.26,23.48
66,There's,23.66,23.98
67,JavaScript,23.98,24.36
68,that's,24.36,24.72
69,great,24.72,24.9
70,if,24.9,25.02
71,you're,25.02,25.16
72,writing,25.16,25.32
73,a,25.32,25.5
74,website,25.5,25.76
75,and,25.76,26.16
76,there's,26.16,26.36
77,a,26.36,26.48
78,whole,26.48,26.62
79,bunch,26.62,26.76
80,of,26.76,27.04
81,other,27.04,27.18
82,ones,27.18,27.38
83,like,27.38,27.72
84,"C,",27.72,28.18
85,C++,28.22,28.78
86,"Java,",28.78,29.16
87,and,29.16,29.48
88,that's,29.48,29.8
89,just,29.8,30.14
90,five,30.14,30.34
91,of,30.34,30.56
92,the,30.56,30.64
93,top,30.64,30.8
94,most,30.8,31.04
95,common,31.04,31.26
96,ones.,31.26,31.56
97,My,31.98,31.98
98,friend,31.98,32.26
99,from,32.26,32.46
100,university,32.46,32.88
101,even,32.88,33.22
102,made,33.22,33.56
103,a,33.56,33.8
104,coding,33.8,33.96
105,language,33.96,34.24
106,of,34.24,34.42
107,their,34.42,34.6
108,own,34.6,35.06
109,just,35.06,35.32
110,for,35.32,35.52
111,fun.,35.52,35.8
112,Eugene,36.0,36.1
113,Daniel,36.1,36.42
114,"asks,",36.42,36.8
115,can,37.08,37.08
116,coding,37.08,37.3
117,be,37.3,37.54
118,self,37.54,37.76
119,-taught?,37.76,37.96
120,Absolutely.,38.54,38.98
121,Coding,39.52,39.64
122,is,39.64,40.02
123,such,40.02,40.22
124,a,40.22,40.46
125,special,40.46,40.8
126,field.,40.8,41.12
127,What,41.42,41.5
128,matters,41.5,41.74
129,is,41.74,41.98
130,that,41.98,42.12
131,you,42.12,42.24
132,have,42.24,42.38
133,the,42.38,42.58
134,skills.,42.58,42.78
135,It,43.06,43.18
136,doesn't,43.18,43.42
137,matter,43.42,43.58
138,so,43.58,43.78
139,much,43.78,43.9
140,if,43.9,44.12
141,you,44.12,44.18
142,have,44.18,44.42
143,a,44.42,44.62
144,credential,44.62,44.84
145,saying,44.84,45.22
146,you,45.22,45.36
147,can,45.36,45.52
148,do,45.52,45.64
149,it.,45.64,45.78
150,What,45.8,46.04
151,matters,46.04,46.2
152,is,46.2,46.48
153,that,46.48,46.84
154,you,46.84,46.96
155,can,46.96,47.1
156,pick,47.1,47.24
157,up,47.24,47.42
158,a,47.42,47.56
159,computer,47.56,47.82
160,and,47.82,48.18
161,you,48.18,48.28
162,can,48.28,48.5
163,code,48.5,48.64
164,it,48.64,48.78
165,and,48.78,48.86
166,make,48.86,48.98
167,it,48.98,49.12
168,do,49.12,49.3
169,wonderful,49.3,49.52
170,things.,49.52,49.92
171,There's,50.1,50.32
172,a,50.32,50.5
173,lot,50.5,50.64
174,of,50.64,50.9
175,incredible,50.9,51.28
176,resources,51.28,51.7
177,at,51.7,51.96
178,there.,51.96,52.34
179,"Stanford,",52.36,52.66
180,"myself,",52.82,53.1
181,we,53.24,53.34
182,offer,53.34,53.66
183,free,53.66,54.12
184,programming,54.12,54.4
185,class,54.4,54.82
186,if,54.82,54.96
187,you're,54.96,55.18
188,interested.,55.18,55.44
189,I,55.66,55.8
190,know,55.8,56.02
191,a,56.02,56.14
192,lot,56.14,56.3
193,of,56.3,56.62
194,self,56.62,56.7
195,-taught,56.7,56.88
196,success,56.88,57.28
197,for,57.28,57.46
198,you.,57.46,57.58
199,When,57.78,57.84
200,I,57.84,58.14
201,worked,58.14,58.32
202,at,58.32,58.7
203,"Pixar,",58.7,58.96
204,I,59.1,59.16
205,knew,59.16,59.38
206,a,59.38,59.48
207,lot,59.48,59.64
208,of,59.64,60.1
209,programmers,60.1,60.44
210,there,60.44,61.0
211,who,61.0,61.16
212,had,61.16,61.38
213,never,61.38,61.72
214,even,61.72,62.04
215,studied,62.04,62.28
216,computer,62.28,62.52
217,science,62.52,63.04
218,in,63.04,63.36
219,university,63.36,63.74
220,or,63.74,63.9
221,anything,63.9,64.06
222,like,64.06,64.3
223,that.,64.3,64.5
224,They,64.62,64.62
225,had,64.62,64.7
226,just,64.7,65.14
227,taught,65.14,65.34
228,themselves,65.34,65.78
229,and,65.78,65.96
230,now,65.96,66.12
231,we're,66.12,66.32
232,working,66.32,66.46
233,at,66.46,66.7
234,one,66.7,66.94
235,of,66.94,67.02
236,the,67.02,67.44
237,coolest,67.44,67.92
238,programming,67.92,68.42
239,companies.,68.42,69.04
240,"Okay,",69.42,69.46
241,next,69.58,69.72
242,"up,",69.72,70.12
243,glacial,70.34,70.5
244,icon.,70.5,70.92
245,I,71.14,71.5
246,always,71.5,71.72
247,"wondered,",71.72,72.06
248,apocalyptic,72.62,73.02
249,and,73.02,73.36
250,action,73.36,73.6
251,movies.,73.6,73.92
252,How,74.06,74.3
253,do,74.3,74.56
254,coders,74.56,75.12
255,manage,75.12,75.58
256,to,75.58,75.8
257,save,75.8,75.94
258,the,75.94,76.14
259,day,76.14,76.64
260,without,76.64,77.0
261,ever,77.0,77.28
262,using,77.28,77.58
263,Stack,77.58,77.86
264,Overflow?,77.86,78.32
265,Glacial,79.02,79.38
266,icon?,79.38,79.74
267,I'm,79.78,79.94
268,going,79.94,80.0
269,to,80.0,80.04
270,say,80.04,80.1
271,that's,80.1,80.62
272,a,80.62,80.68
273,fantastic,80.68,81.36
274,question.,81.36,82.14
275,"Realistically,",82.24,82.72
276,when,82.72,83.0
277,we're,83.0,83.18
278,"coding,",83.18,83.58
279,we're,83.86,84.0
280,using,84.0,84.36
281,Stack,84.36,84.64
282,Overflow.,84.64,84.96
283,Stack,85.02,85.2
284,Overflow,85.2,85.52
285,is,85.52,85.66
286,a,85.66,85.78
287,website,85.78,86.02
288,where,86.02,86.24
289,you,86.24,86.32
290,can,86.32,86.5
291,ask,86.5,87.2
292,questions,87.2,87.66
293,and,87.66,87.9
294,see,87.9,88.14
295,answers,88.14,88.5
296,and,88.5,89.2
297,you,89.2,89.34
298,can,89.34,89.54
299,see,89.54,89.78
300,code,89.78,90.02
301,snippets,90.02,90.3
302,that,90.3,90.58
303,other,90.58,90.76
304,people,90.76,90.92
305,use,90.92,91.16
306,to,91.16,91.3
307,solve,91.3,91.52
308,problems.,91.52,91.92
309,Every,92.28,92.72
310,serious,92.72,93.08
311,coder,93.08,93.34
312,I,93.34,93.6
313,know,93.6,93.84
314,uses,93.84,94.16
315,Stack,94.16,94.54
316,Overflow,94.54,95.0
317,to,95.0,95.22
318,build,95.22,95.5
319,better,95.5,95.8
320,answers.,95.8,96.16
321,It's,96.46,96.68
322,pretty,96.68,96.9
323,unrealistic,96.9,97.32
324,that,97.32,97.74
325,in,97.74,97.82
326,an,97.82,98.02
327,action,98.02,98.22
328,"movie,",98.22,98.64
329,they're,99.1,99.22
330,not,99.22,99.42
331,using,99.42,99.72
332,Stack,99.72,99.96
333,Overflow.,99.96,100.26
334,I,100.4,100.52
335,guess,100.52,100.74
336,if,100.74,100.9
337,you,100.9,101.08
338,only,101.08,101.26
339,have,101.26,101.5
340,a,101.5,101.58
341,few,101.58,101.76
342,minutes,101.76,102.04
343,saved,102.04,102.28
344,the,102.28,102.4
345,"world,",102.4,102.68
346,maybe,102.76,102.94
347,you,102.94,103.04
348,have,103.04,103.24
349,to,103.24,103.42
350,code,103.42,103.9
351,without,103.9,104.38
352,getting,104.38,104.68
353,any,104.68,104.88
354,help.,104.88,105.14
355,The,105.36,105.48
356,origin,105.48,105.56
357,of,105.56,105.74
358,the,105.74,105.8
359,term,105.8,105.98
360,Stack,105.98,106.26
361,Overflow,106.26,106.6
362,is,106.6,106.82
363,actually,106.82,106.88
364,an,106.88,107.0
365,interesting,107.0,107.2
366,story.,107.2,107.5
367,It,107.7,107.72
368,comes,107.72,107.94
369,from,107.94,108.28
370,one,108.28,108.42
371,of,108.42,108.52
372,the,108.52,108.7
373,problems,108.7,108.96
374,that,108.96,109.14
375,you,109.14,109.24
376,could,109.24,109.46
377,have,109.46,109.68
378,while,109.68,109.9
379,programming.,109.9,110.28
380,Your,110.6,110.62
381,program,110.62,110.86
382,has,110.86,111.56
383,a,111.56,111.68
384,certain,111.68,111.82
385,amount,111.82,112.0
386,of,112.0,112.2
387,"memory,",112.2,112.52
388,part,112.6,112.74
389,of,112.74,112.82
390,it's,112.82,113.0
391,called,113.0,113.16
392,the,113.16,115.76
393,memory.,115.76,116.18
394,It,116.3,116.48
395,throws,116.48,116.66
396,a,116.66,116.88
397,Stack,116.88,117.18
398,Overflow,117.18,117.68
399,error,117.68,117.96
400,and,117.96,118.36
401,this,118.36,118.64
402,often,118.64,118.94
403,happens,118.94,119.36
404,when,119.36,119.74
405,there's,119.74,120.02
406,something,120.02,120.32
407,going,120.32,120.74
408,really,120.74,121.08
409,wrong,121.08,121.3
410,with,121.3,121.44
411,your,121.44,121.64
412,program,121.64,121.82
413,is,121.82,122.06
414,just,122.06,122.34
415,consuming,122.34,122.76
416,memory,122.76,123.24
417,wildly.,123.24,123.64
418,But,124.34,124.34
419,the,124.34,124.66
420,Stack,124.66,124.92
421,Overflow,124.92,125.26
422,website,125.26,125.82
423,isn't,125.82,126.38
424,just,126.38,126.66
425,about,126.66,126.88
426,that,126.88,127.06
427,problem.,127.06,127.34
428,It's,127.36,127.58
429,a,127.58,127.72
430,whole,127.72,127.9
431,community,127.9,128.34
432,where,128.34,128.56
433,people,128.56,128.84
434,come,128.84,129.16
435,together,129.16,129.44
436,and,129.44,129.6
437,help,129.6,129.74
438,each,129.74,129.92
439,other.,129.92,130.12
440,And,130.16,130.26
441,I,130.26,130.36
442,love,130.36,130.7
443,that,130.7,130.92
444,community,130.92,131.22
445,of,131.22,131.66
446,all,131.66,131.84
447,of,131.84,131.94
448,us,131.94,132.12
449,coming,132.12,132.28
450,together,132.28,132.7
451,and,132.7,133.08
452,making,133.08,133.26
453,each,133.26,133.52
454,other,133.52,133.72
455,better.,133.72,134.12
456,"R40,",134.34,134.86
457,ah,135.02,135.04
458,-ha,135.04,135.22
459,"-40,",135.22,135.58
460,"asks,",135.82,136.16
461,what,136.56,136.72
462,does,136.72,137.02
463,front,137.02,137.38
464,and,137.38,137.64
465,end,137.64,137.88
466,back,137.88,138.16
467,end,138.16,138.5
468,mean?,138.5,138.76
469,I,138.84,139.04
470,love,139.04,139.24
471,this,139.24,139.42
472,question.,139.42,139.74
473,And,140.14,140.2
474,you,140.2,140.28
475,know,140.28,140.46
476,what?,140.46,140.76
477,To,140.94,141.14
478,show,141.14,141.36
479,"you,",141.36,141.58
480,I'd,141.58,141.8
481,like,141.8,141.9
482,to,141.9,142.04
483,explain,142.04,142.28
484,a,142.28,142.48
485,little,142.48,142.62
486,bit,142.62,142.76
487,about,142.76,143.26
488,how,143.26,143.42
489,the,143.42,143.68
490,internet,143.68,143.9
491,works.,143.9,144.3
492,When,144.72,144.72
493,you,144.72,144.94
494,use,144.94,145.5
495,a,145.5,145.66
496,mobile,145.66,145.8
497,"application,",145.8,146.28
498,let's,146.56,146.64
499,say,146.64,146.8
500,you're,146.8,147.14
501,using,147.14,147.16
502,Google,147.16,147.46
503,Maps,147.46,147.84
504,and,147.84,148.14
505,Google,148.14,148.38
506,Maps,148.38,148.66
507,is,148.66,148.86
508,telling,148.86,149.02
509,you,149.02,149.16
510,how,149.16,149.28
511,to,149.28,149.34
512,get,149.34,149.5
513,from,149.5,149.7
514,point,149.7,149.86
515,A,149.86,149.98
516,to,149.98,149.98
517,to,150.0,150.74
518,point,150.74,151.0
519,B.,151.0,151.42
520,There's,151.58,151.74
521,a,151.74,151.94
522,computer,151.94,152.16
523,program,152.16,152.58
524,that's,152.58,152.9
525,running,152.9,153.14
526,on,153.14,153.64
527,your,153.64,153.84
528,phone,153.84,154.2
529,and,154.2,154.4
530,that's,154.4,154.6
531,called,154.6,154.76
532,the,154.76,155.02
533,frontend.,155.02,155.32
534,But,155.8,155.9
535,not,155.9,156.18
536,all,156.18,156.34
537,the,156.34,156.52
538,work,156.52,156.74
539,is,156.74,156.96
540,done,156.96,157.14
541,on,157.14,157.38
542,your,157.38,157.6
543,phone.,157.6,157.82
544,In,157.88,157.98
545,"fact,",157.98,158.14
546,a,158.28,158.32
547,lot,158.32,158.44
548,of,158.44,158.56
549,the,158.56,158.66
550,work,158.66,158.8
551,might,158.8,159.0
552,be,159.0,159.18
553,done,159.18,159.32
554,on,159.32,159.46
555,a,159.46,159.72
556,different,159.72,160.06
557,computer.,160.06,160.56
558,So,160.92,161.12
559,what,161.12,161.24
560,your,161.24,161.42
561,phone,161.42,161.62
562,does,161.62,161.88
563,is,161.88,162.06
564,it,162.06,162.26
565,connects,162.26,162.54
566,over,162.54,162.94
567,the,162.94,163.24
568,internet,163.24,163.5
569,to,163.5,163.9
570,another,163.9,164.34
571,computer,164.34,164.8
572,that,164.8,165.08
573,we,165.08,165.24
574,call,165.24,165.46
575,a,165.46,165.72
576,server.,165.72,165.98
577,And,166.16,166.34
578,that,166.34,166.54
579,computer,166.54,166.88
580,can,166.88,167.26
581,do,167.26,167.56
582,calculations,167.56,168.06
583,and,168.06,168.56
584,send,168.56,168.82
585,the,168.82,169.06
586,answer,169.06,169.34
587,back,169.34,169.68
588,to,169.68,169.78
589,your,169.78,169.94
590,phone.,169.94,170.24
591,And,170.5,170.74
592,you,170.74,170.74
593,"know,",170.74,170.94
594,this,171.0,171.07999999999998
595,is,171.07999999999998,171.3
596,basically,171.3,171.7
597,the,171.7,172.04
598,idea,172.04,172.26
599,of,172.26,172.4
600,the,172.4,172.52
601,internet.,172.52,172.64
602,We,172.76,172.88
603,have,172.88,173.1
604,all,173.1,173.3
605,these,173.3,173.46
606,devices,173.46,173.82
607,and,173.82,174.16
608,they're,174.16,174.36
609,talking,174.36,174.68
610,to,174.68,175.07999999999998
611,other,175.07999999999998,175.32
612,computers,175.32,175.74
613,on,175.74,176.26
614,different,176.26,176.44
615,parts,176.44,176.7
616,of,176.7,176.82
617,the,176.82,176.9
618,world.,176.9,177.1
619,And,177.14,177.36
620,programs,177.36,177.6
621,that,177.6,177.84
622,run,177.84,178.0
623,on,178.0,178.36
624,this,178.36,178.74
625,"computer,",178.74,179.12
626,we,179.12,179.38
627,call,179.38,179.6
628,those,179.6,179.88
629,the,179.88,180.07999999999998
630,back,180.07999999999998,180.3
631,end.,180.3,180.44
632,So,180.66,180.66
633,you,180.66,180.68
634,have,180.68,180.9
635,the,180.9,181.06
636,frontend,181.06,181.42000000000002
637,running,181.42000000000002,181.68
638,on,181.68,181.96
639,things,181.96,182.18
640,that,182.18,182.32
641,you,182.32,182.48
642,interface,182.48,182.74
643,with,182.74,183.1
644,and,183.1,183.34
645,back,183.34,183.48
646,end,183.48,183.62
647,running,183.62,183.86
648,on,183.86,183.98
649,things,183.98,184.24
650,that,184.24,184.86
651,are,184.86,185.06
652,doing,185.06,185.4
653,some,185.4,185.66
654,work,185.66,185.88
655,behind,185.88,186.2
656,the,186.2,186.36
657,scenes,186.36,186.5
658,that,186.5,186.62
659,you'd,186.62,186.82
660,never,186.82,186.88
661,see.,186.88,187.26
662,You,187.38,187.38
663,"know,",187.38,187.66
664,maybe,187.76,187.84
665,it's,187.84,188.04
666,a,188.04,188.1
667,little,188.1,188.2
668,bit,188.2,188.3
669,like,188.3,188.44
670,a,188.44,188.64
671,car.,188.64,188.8
672,The,189.02,189.02
673,frontend,189.02,189.38
674,might,189.38,189.62
675,be,189.62,189.82
676,the,189.82,190.02
677,steering,190.02,190.26
678,wheel.,190.26,190.52
679,That's,190.62,190.94
680,what,190.94,191.12
681,humans,191.12,191.36
682,interact,191.36,191.84
683,with.,191.84,192.06
684,There's,192.07999999999998,192.28
685,a,192.28,192.4
686,whole,192.4,192.54
687,bunch,192.54,192.72
688,of,192.72,192.92000000000002
689,technology,192.92000000000002,193.26
690,there.,193.26,193.56
691,The,193.84,193.86
692,back,193.86,194.12
693,end,194.12,194.22
694,is,194.22,194.44
695,the,194.44,194.6
696,technology,194.6,194.86
697,you,194.86,195.06
698,don't,195.06,195.34
699,see.,195.34,195.52
700,Maybe,195.66,195.76
701,it's,195.76,195.94
702,like,195.94,196.18
703,the,196.18,196.4
704,engine.,196.4,196.64
705,It's,196.86,196.9
706,doing,196.9,197.14
707,really,197.14,197.42000000000002
708,important,197.42000000000002,197.76
709,stuff.,197.76,198.4
710,But,198.4,198.66
711,when,198.66,198.86
712,everything's,198.86,199.57999999999998
713,working,199.57999999999998,199.6
714,"smoothly,",199.6,200.0
715,you,200.04,200.3
716,just,200.3,200.57999999999998
717,interact,200.57999999999998,200.86
718,with,200.86,201.06
719,that,201.06,201.24
720,steering,201.24,201.48
721,wheel.,201.48,201.7
722,Some,201.84,202.16
723,people,202.16,202.72
724,only,202.72,203.22
725,specialize,203.22,203.52
726,in,203.52,203.78
727,writing,203.78,203.92000000000002
728,programs,203.92000000000002,204.32
729,for,204.32,204.72
730,the,204.72,204.88
731,frontend.,204.88,205.44
732,Some,205.64,205.82
733,people,205.82,206.18
734,only,206.18,206.54
735,specialize,206.54,206.84
736,in,206.84,207.04
737,writing,207.04,207.22
738,programs,207.22,207.5
739,for,207.5,207.62
740,the,207.62,207.72
741,back,207.72,207.9
742,end.,207.9,208.07999999999998
743,Or,208.07999999999998,208.48
744,you,208.48,208.62
745,might,208.62,208.8
746,hear,208.8,208.94
747,this,208.94,209.1
748,term,209.1,209.56
749,full,209.56,209.88
750,stack,209.88,210.14
751,engineer.,210.14,210.46
752,And,210.62,210.64
753,those,210.64,210.8
754,are,210.8,211.02
755,programmers,211.02,211.36
756,who,211.36,211.82
757,can,211.82,212.02
758,do,212.02,212.26
759,both,212.26,212.44
760,the,212.44,212.62
761,frontend,212.62,213.06
762,and,213.06,213.28
763,the,213.28,213.34
764,back,213.34,213.54
765,end.,213.54,213.72
766,And,213.86,214.01999999999998
767,that's,214.01999999999998,214.24
768,a,214.24,214.34
769,good,214.34,214.51999999999998
770,thing,214.51999999999998,214.7
771,to,214.7,214.86
772,be.,214.86,215.36
773,Next,215.9,215.9
774,question,215.9,216.42000000000002
775,from,216.42000000000002,216.98000000000002
776,"Beggu,",216.98000000000002,217.24
777,the,217.38,217.42000000000002
778,Scusper.,217.42000000000002,217.84
779,What,217.92000000000002,218.24
780,is,218.24,218.57999999999998
781,the,218.57999999999998,218.84
782,shortest,218.84,219.06
783,piece,219.06,219.26
784,of,219.26,219.4
785,code,219.4,219.76
786,that,219.76,219.98000000000002
787,changed,219.98000000000002,220.24
788,the,220.24,220.4
789,world?,220.4,220.66
790,That's,220.66,221.01999999999998
791,a,221.01999999999998,221.07999999999998
792,good,221.07999999999998,221.26
793,question.,221.26,221.66
794,And,222.38,222.44
795,over,222.44,222.9
796,a,222.9,223.07999999999998
797,"drink,",223.07999999999998,223.22
798,we,223.26,223.28
799,could,223.28,223.48000000000002
800,have,223.48000000000002,223.92000000000002
801,a,223.92000000000002,224.01999999999998
802,great,224.01999999999998,224.28
803,conversation,224.28,224.76
804,and,224.76,225.01999999999998
805,debate,225.01999999999998,225.12
806,this.,225.12,225.51999999999998
807,I'm,225.66,225.72
808,going,225.72,225.84
809,to,225.84,225.98000000000002
810,say,225.98000000000002,226.28
811,back,226.28,226.57999999999998
812,propagation,226.57999999999998,227.07999999999998
813,for,227.07999999999998,227.44
814,artificial,227.44,227.74
815,intelligence.,227.74,228.24
816,Back,228.6,228.66
817,propagation,228.66,229.06
818,is,229.06,229.68
819,the,229.68,230.18
820,few,230.18,230.42000000000002
821,lines,230.42000000000002,230.64
822,of,230.64,230.86
823,code,230.86,231.18
824,that,231.18,231.5
825,tells,231.5,231.72
826,an,231.72,231.95999999999998
827,artificial,231.95999999999998,232.2
828,intelligence,232.2,232.8
829,algorithm,232.8,233.12
830,if,233.12,233.74
831,I,233.74,234.16
832,see,234.16,234.38
833,"data,",234.38,234.78
834,how,234.92000000000002,235.26
835,can,235.26,235.38
836,I,235.38,235.57999999999998
837,become,235.57999999999998,235.9
838,smarter,235.9,236.3
839,based,236.3,236.76
840,off,236.76,236.98000000000002
841,of,236.98000000000002,237.1
842,that,237.1,237.32
843,data?,237.32,237.54000000000002
844,It's,237.54000000000002,237.78
845,a,237.78,238.06
846,very,238.06,238.38
847,simple,238.38,239.01999999999998
848,piece,239.01999999999998,239.26
849,of,239.26,239.44
850,code,239.44,239.8
851,based,239.8,240.1
852,off,240.1,240.32
853,some,240.32,240.56
854,cool,240.56,240.84
855,calculus.,240.84,241.34
856,And,241.5,241.72
857,that's,241.72,241.95999999999998
858,where,241.95999999999998,242.1
859,most,242.1,242.38
860,AI,242.38,242.62
861,gets,242.62,242.86
862,this,242.86,243.04000000000002
863,intelligence,243.04000000000002,243.32
864,from.,243.32,243.74
865,Let's,243.88,243.92000000000002
866,say,243.92000000000002,243.98000000000002
867,your,243.98000000000002,244.2
868,AI,244.2,244.4
869,algorithm,244.4,244.64
870,is,244.64,244.82
871,trying,244.82,244.98000000000002
872,to,244.98000000000002,245.18
873,learn,245.18,245.44
874,what,245.44,245.57999999999998
875,a,245.57999999999998,245.84
876,cat,245.84,246.1
877,is.,246.1,246.48000000000002
878,And,246.68,246.84
879,it,246.84,247.0
880,sees,247.0,247.16
881,a,247.16,247.4
882,picture,247.4,247.62
883,of,247.62,247.88
884,a,247.88,248.01999999999998
885,cat.,248.01999999999998,248.32
886,It,248.48000000000002,248.54000000000002
887,can,248.54000000000002,248.68
888,put,248.68,248.84
889,it,248.84,249.01999999999998
890,through,249.01999999999998,249.3
891,its,249.3,249.6
892,own,249.6,250.22
893,little,250.22,250.57999999999998
894,AI,250.57999999999998,250.9
895,brain.,250.9,251.26
896,Back,251.62,251.64
897,propagation,251.64,252.01999999999998
898,will,252.01999999999998,252.36
899,tell,252.36,252.64
900,it,252.64,252.8
901,how,252.8,252.94
902,to,252.94,253.12
903,change,253.12,253.4
904,its,253.4,253.68
905,AI,253.68,253.98000000000002
906,brain,253.98000000000002,254.34
907,so,254.34,254.57999999999998
908,that,254.57999999999998,254.82
909,it,254.82,254.98000000000002
910,is,254.98000000000002,255.16
911,better,255.16,255.4
912,able,255.4,255.7
913,to,255.7,255.84
914,understand,255.84,256.22
915,cats,256.22,256.46
916,in,256.46,256.64
917,the,256.64,256.7
918,future.,256.7,257.1
919,Pseudo,257.38,257.54
920,-R,257.54,257.74
921,but,257.74,257.94
922,doesn't,257.94,258.26
923,really,258.26,258.42
924,have,258.42,258.58
925,a,258.58,258.7
926,"question,",258.7,258.98
927,but,259.32,259.4
928,a,259.4,259.5
929,cute,259.5,259.64
930,little,259.64,259.84000000000003
931,rhyme.,259.84000000000003,260.18
932,How,260.22,260.42
933,much,260.42,260.65999999999997
934,could,260.65999999999997,260.84000000000003
935,a,260.84000000000003,261.06
936,C++,261.06,261.64
937,if,261.64,262.0
938,a,262.0,262.2
939,C++,262.2,262.64
940,could,262.64,262.82
941,plus,262.82,263.22
942,plus?,263.22,263.54
943,C++,263.94,264.42
944,is,264.42,264.86
945,one,264.86,265.0
946,of,265.0,265.1
947,the,265.1,265.15999999999997
948,most,265.15999999999997,265.36
949,popular,265.36,265.68
950,programming,265.68,265.98
951,languages.,265.98,266.4
952,In,266.4,266.62
953,"fact,",266.62,266.88
954,it's,267.15999999999997,267.22
955,the,267.22,267.32
956,one,267.32,267.5
957,that,267.5,267.7
958,I,267.7,268.06
959,first,268.06,268.3
960,learned,268.3,268.48
961,on.,268.48,268.7
962,That's,268.88,268.9
963,how,268.9,269.1
964,old,269.1,269.24
965,I,269.24,269.34000000000003
966,am,269.34000000000003,269.44
967,in,269.44,269.58
968,C++.,269.58,269.96
969,It's,270.38,270.52
970,what,270.52,270.62
971,you,270.62,270.76
972,want,270.76,270.86
973,to,270.86,270.9
974,use,270.9,271.1
975,if,271.1,271.22
976,you're,271.22,271.38
977,writing,271.38,271.6
978,a,271.6,271.94
979,really,271.94,272.58
980,intense,272.58,273.24
981,"program,",273.24,273.86
982,like,274.32,274.42
983,a,274.42,274.6
984,3D,274.6,274.96
985,computer,274.96,275.24
986,"game,",275.24,275.72
987,or,275.8,275.84000000000003
988,if,275.84000000000003,275.96
989,you're,275.96,276.08
990,writing,276.08,276.14
991,the,276.14,276.38
992,program,276.38,276.6
993,to,276.6,277.02
994,animate,277.02,277.12
995,a,277.12,277.4
996,Pixar,277.4,277.58
997,"movie,",277.58,278.02
998,C++,278.15999999999997,278.46000000000004
999,is,278.46000000000004,278.78
1000,what,278.78,278.9
1001,you'd,278.9,279.08000000000004
1002,use.,279.08000000000004,279.32
1003,C++,279.65999999999997,280.1
1004,is,280.1,280.65999999999997
1005,actually,280.65999999999997,281.0
1006,the,281.0,281.22
1007,center,281.22,281.44
1008,of,281.44,282.03999999999996
1009,another,282.03999999999996,282.34000000000003
1010,programming,282.34000000000003,282.56
1011,language,282.56,282.82
1012,called,282.82,283.22
1013,C.,283.22,283.4
1014,And,283.62,283.72
1015,C,283.72,283.8
1016,is,283.8,283.9
1017,like,283.9,284.14
1018,the,284.14,284.38
1019,grandfather,284.38,284.88
1020,of,284.88,285.34000000000003
1021,all,285.34000000000003,285.56
1022,"languages,",285.56,285.8
1023,like,286.22,286.32
1024,the,286.32,286.52
1025,Latin,286.52,286.74
1026,equivalent,286.74,287.14
1027,from,287.14,287.41999999999996
1028,which,287.41999999999996,287.64
1029,many,287.64,287.84000000000003
1030,different,287.84000000000003,288.08000000000004
1031,languages,288.08000000000004,288.44
1032,tend.,288.44,288.9
1033,C++,289.32,289.76
1034,is,289.76,290.02
1035,one,290.02,290.14
1036,of,290.14,290.28
1037,those.,290.28,290.44
1038,And,290.68,290.86
1039,you,290.86,290.94
1040,can,290.94,291.12
1041,see,291.12,291.22
1042,where,291.22,291.34000000000003
1043,it,291.34000000000003,291.44
1044,got,291.44,291.52
1045,its,291.52,291.64
1046,name,291.64,291.82
1047,from.,291.82,291.94
1048,It's,292.18,292.22
1049,C,292.22,292.52
1050,and,292.52,292.68
1051,then,292.68,293.14
1052,plus,293.14,293.36
1053,plus,293.36,293.58000000000004
1054,is,293.58000000000004,293.76
1055,programming,293.76,293.98
1056,speech,293.98,294.34000000000003
1057,for,294.34000000000003,295.0
1058,one,295.0,295.26
1059,better.,295.26,295.62
1060,So,295.62,295.84000000000003
1061,it's,295.84000000000003,296.22
1062,"like,",296.22,296.4
1063,I'm,296.4,296.8
1064,like,296.8,296.98
1065,"C,",296.98,297.22
1066,but,297.36,297.46000000000004
1067,I'm,297.46000000000004,297.6
1068,a,297.6,297.64
1069,little,297.64,297.72
1070,bit,297.72,297.9
1071,better.,297.9,298.1
1072,And,298.44,298.5
1073,there's,298.5,298.7
1074,other,298.7,298.9
1075,descents,298.9,299.2
1076,you,299.2,299.34000000000003
1077,might,299.34000000000003,299.44
1078,have,299.44,299.56
1079,heard,299.56,299.65999999999997
1080,of,299.65999999999997,299.82
1081,"like,",299.82,299.98
1082,Java,300.0,300.34
1083,and,300.34,300.64
1084,Python.,300.64,300.9
1085,And,301.3,301.42
1086,the,301.42,301.56
1087,fact,301.56,301.74
1088,that,301.74,302.0
1089,all,302.0,302.18
1090,these,302.18,302.42
1091,three,302.42,302.68
1092,languages,302.68,303.02
1093,descend,303.02,303.32
1094,from,303.32,303.6
1095,C,303.6,303.9
1096,tells,303.9,304.1
1097,you,304.1,304.3
1098,how,304.3,304.6
1099,similar,304.6,304.84
1100,that,304.84,305.16
1101,they,305.16,305.72
1102,are,305.72,305.9
1103,to,305.9,306.06
1104,one,306.06,306.18
1105,another.,306.18,306.46
1106,Why,306.6,306.8
1107,is,306.8,306.98
1108,C,306.98,307.14
1109,or,307.14,307.5
1110,C++,307.5,307.96
1111,so,307.96,308.34
1112,good,308.34,308.5
1113,for,308.5,308.68
1114,video,308.68,308.84
1115,game,308.84,309.04
1116,programming?,309.04,309.34
1117,Because,309.6,309.86
1118,it's,309.86,310.4
1119,so,310.4,310.54
1120,computationally,310.54,311.08
1121,intense.,311.08,311.5
1122,You,311.62,311.76
1123,have,311.76,312.0
1124,to,312.0,312.1
1125,render,312.1,312.38
1126,an,312.38,312.62
1127,entire,312.62,312.98
1128,3D,312.98,313.48
1129,world,313.48,313.9
1130,with,313.9,314.28
1131,trees,314.28,314.54
1132,in,314.54,314.74
1133,the,314.74,314.92
1134,distance,314.92,315.28
1135,and,315.28,315.9
1136,things,315.9,316.24
1137,animating,316.24,316.64
1138,in,316.64,316.84
1139,the,316.84,316.9
1140,front.,316.9,317.2
1141,And,317.22,317.36
1142,that,317.36,317.48
1143,just,317.48,317.74
1144,asks,317.74,318.0
1145,so,318.0,318.26
1146,much,318.26,318.36
1147,of,318.36,318.44
1148,your,318.44,318.64
1149,computer.,318.64,318.98
1150,C,319.22,319.4
1151,and,319.4,319.62
1152,"C++,",319.62,320.32
1153,they're,320.5,320.68
1154,like,320.68,320.8
1155,your,320.8,321.24
1156,bare,321.24,321.3
1157,bones,321.3,321.78
1158,programming,321.78,322.38
1159,languages.,322.38,322.84
1160,They're,323.1,323.34
1161,the,323.34,323.44
1162,most,323.44,324.02
1163,efficient,324.02,324.44
1164,so,324.44,324.7
1165,they,324.7,324.82
1166,can,324.82,324.96
1167,run,324.96,325.12
1168,the,325.12,325.38
1169,fastest,325.38,325.68
1170,and,325.68,325.84
1171,they,325.84,325.98
1172,can,325.98,326.06
1173,do,326.06,326.2
1174,the,326.2,326.32
1175,most,326.32,326.5
1176,computations,326.5,327.1
1177,per,327.1,327.34
1178,second.,327.34,327.62
1179,Python,327.62,328.06
1180,and,328.06,328.36
1181,"Java,",328.36,328.64
1182,they're,329.08,329.2
1183,easier,329.2,329.44
1184,to,329.44,329.72
1185,read.,329.72,330.06
1186,So,330.22,330.32
1187,it's,330.32,330.58
1188,easier,330.58,330.72
1189,to,330.72,330.98
1190,write,330.98,331.16
1191,the,331.16,331.34
1192,"program,",331.34,331.62
1193,but,331.8,331.92
1194,the,331.92,332.1
1195,computer,332.1,332.3
1196,can't,332.3,332.68
1197,run,332.68,332.86
1198,them,332.86,333.12
1199,as,333.12,333.3
1200,quickly.,333.3,333.76
1201,Los,334.26,334.26
1202,medangas14,334.26,335.88
1203,"asks,",335.88,336.64
1204,my,336.96,337.08
1205,computer,337.08,337.38
1206,science,337.38,337.65999999999997
1207,teacher,337.65999999999997,337.9
1208,"asked,",337.9,338.42
1209,what,338.58,338.72
1210,is,338.72,338.98
1211,Python?,338.98,339.34000000000003
1212,And,339.54,340.02
1213,I,340.02,340.24
1214,"replied,",340.24,340.78
1215,a,341.04,341.15999999999997
1216,very,341.15999999999997,341.32
1217,dangerous,341.32,341.58
1218,snake.,341.58,342.2
1219,And,343.04,343.04
1220,he,343.04,343.22
1221,beat,343.22,343.36
1222,me,343.36,343.54
1223,up.,343.54,343.96
1224,I,344.04,344.14
1225,feel,344.14,344.22
1226,like,344.22,344.34000000000003
1227,we,344.34000000000003,344.46
1228,have,344.46,344.64
1229,to,344.64,344.72
1230,have,344.72,345.0
1231,a,345.0,345.08
1232,different,345.08,345.32
1233,conversation,345.32,345.76
1234,about,345.76,346.15999999999997
1235,corporal,346.15999999999997,346.5
1236,punishment,346.5,346.72
1237,here.,346.72,347.12
1238,Did,347.36,347.36
1239,you,347.36,347.5
1240,know,347.5,347.64
1241,the,347.64,347.76
1242,name,347.76,348.0
1243,Python?,348.0,348.42
1244,The,348.68,348.9
1245,name,348.9,349.14
1246,for,349.14,349.28
1247,this,349.28,349.48
1248,programming,349.48,349.74
1249,language,349.74,350.22
1250,actually,350.22,350.76
1251,comes,350.76,350.98
1252,from,350.98,351.22
1253,Monty,351.22,351.56
1254,Python's,351.56,352.06
1255,flying,352.06,352.32
1256,circus.,352.32,352.6
1257,The,352.84000000000003,352.98
1258,person,352.98,353.24
1259,who,353.24,353.52
1260,invented,353.52,353.94
1261,the,353.94,354.3
1262,programming,354.3,354.56
1263,language,354.56,354.9
1264,called,354.9,355.12
1265,Python,355.12,355.38
1266,was,355.38,355.72
1267,a,355.72,355.84000000000003
1268,big,355.84000000000003,356.0
1269,fan,356.0,356.22
1270,of,356.22,356.34000000000003
1271,the,356.34000000000003,356.46
1272,TV,356.46,356.6
1273,show.,356.6,357.0
1274,And,357.0,357.15999999999997
1275,so,357.15999999999997,357.26
1276,gave,357.26,357.36
1277,it,357.36,357.5
1278,that,357.5,357.6
1279,name.,357.6,357.86
1280,It's,358.1,358.14
1281,a,358.14,358.42
1282,general,358.42,358.5
1283,purpose,358.5,359.08
1284,programming,359.08,359.52
1285,language.,359.52,359.92
1286,So,360.04,360.26
1287,you,360.26,360.3
1288,could,360.3,360.54
1289,write,360.54,361.26
1290,a,361.26,361.5
1291,Google,361.5,361.88
1292,Maps,361.88,362.28
1293,backend,362.28,362.8
1294,on,362.8,363.22
1295,it.,363.22,363.42
1296,You,363.56,363.56
1297,could,363.56,363.72
1298,write,363.72,364.02
1299,data,364.02,364.24
1300,science.,364.24,364.68
1301,You,364.84000000000003,364.84000000000003
1302,could,364.84000000000003,364.96
1303,just,364.96,365.12
1304,write,365.12,365.28
1305,a,365.28,365.44
1306,script,365.44,365.64
1307,that,365.64,365.8
1308,does,365.8,366.04
1309,something,366.04,366.3
1310,fun,366.3,366.74
1311,or,366.74,366.92
1312,you,366.92,367.02
1313,could,367.02,367.14
1314,write,367.14,367.32
1315,a,367.32,367.5
1316,chatbot,367.5,367.7
1317,even.,367.7,368.1
1318,Do,368.24,368.24
1319,you,368.24,368.28
1320,want,368.28,368.38
1321,to,368.38,368.48
1322,see,368.48,368.62
1323,what,368.62,368.8
1324,Python,368.8,368.96
1325,looks,368.96,369.2
1326,like?,369.2,369.56
1327,I,369.72,369.72
1328,can,369.72,369.84000000000003
1329,show,369.84000000000003,370.02
1330,you,370.02,370.34000000000003
1331,a,370.34000000000003,370.56
1332,really,370.56,370.78
1333,basic,370.78,371.42
1334,intro,371.42,371.65999999999997
1335,to,371.65999999999997,371.94
1336,Python,371.94,372.24
1337,program.,372.24,373.06
1338,Hello,373.48,373.7
1339,world,373.7,374.14
1340,and,374.14,374.34000000000003
1341,print,374.34000000000003,374.5
1342,it,374.5,374.6
1343,to,374.6,374.72
1344,numbers.,374.72,374.92
1345,Here's,378.7,379.1
1346,an,379.1,379.24
1347,example,379.24,379.5
1348,of,379.5,379.88
1349,a,379.88,380.06
1350,very,380.06,380.4
1351,simple,380.4,380.7
1352,Python,380.7,381.08
1353,program.,381.08,381.6
1354,This,381.96,382.2
1355,"says,",382.2,382.68
1356,when,382.74,382.9
1357,you,382.9,383.1
1358,run,383.1,383.3
1359,this,383.3,383.5
1360,"program,",383.5,383.84000000000003
1361,so,383.96,384.06
1362,somebody,384.06,384.24
1363,goes,384.24,384.46
1364,to,384.46,384.64
1365,the,384.64,384.7
1366,computer,384.7,384.92
1367,and,384.92,385.12
1368,they,385.12,385.38
1369,click,385.38,385.6
1370,on,385.6,386.32
1371,your,386.32,386.5
1372,"program,",386.5,387.04
1373,it's,387.34000000000003,387.48
1374,going,387.48,387.72
1375,to,387.72,387.84000000000003
1376,open,387.84000000000003,388.02
1377,up,388.02,388.24
1378,a,388.24,388.34000000000003
1379,console,388.34000000000003,388.64
1380,and,388.64,388.82
1381,it's,388.82,388.9
1382,going,388.9,389.06
1383,to,389.06,389.12
1384,"say,",389.12,389.56
1385,hello,389.78,389.8
1386,"world,",389.8,390.28
1387,that's,390.4,390.74
1388,the,390.74,390.8
1389,greeting,390.8,390.96
1390,we,390.96,391.15999999999997
1391,use,391.15999999999997,391.38
1392,when,391.38,391.56
1393,we're,391.56,391.72
1394,trying,391.72,391.94
1395,to,391.94,392.08
1396,show,392.08,392.26
1397,that,392.26,392.44
1398,we,392.44,392.6
1399,can,392.6,392.74
1400,write,392.74,392.92
1401,our,392.92,393.08
1402,first,393.08,393.34000000000003
1403,program.,393.34000000000003,393.65999999999997
1404,It's,393.9,394.0
1405,like,394.0,394.15999999999997
1406,your,394.15999999999997,394.3
1407,program,394.3,394.52
1408,"saying,",394.52,394.86
1409,"hi,",395.52,395.52
1410,I'm,395.9,396.26
1411,new,396.26,396.36
1412,to,396.36,396.46
1413,this,396.46,396.62
1414,"world,",396.62,396.96
1415,tell,397.04,397.1
1416,me,397.1,397.22
1417,all,397.22,397.4
1418,about,397.4,397.58
1419,it.,397.58,397.8
1420,And,397.98,398.14
1421,then,398.14,398.26
1422,your,398.26,398.42
1423,program,398.42,398.94
1424,in,398.94,399.74
1425,very,399.74,399.98
1426,cool,399.98,400.18
1427,fashion,400.18,400.5
1428,"says,",400.5,400.86
1429,I'm,401.0,401.14
1430,going,401.14,401.24
1431,to,401.24,401.32
1432,print,401.32,401.44
1433,the,401.44,401.76
1434,numbers,401.76,401.92
1435,the,401.92,402.7
1436,first,402.7,402.96
1437,10,402.96,403.2
1438,numbers.,403.2,403.5
1439,So,403.76,403.78
1440,it'll,403.78,404.04
1441,print,404.04,404.44
1442,zero,404.44,404.82
1443,than,404.82,405.0
1444,"one,",405.0,405.22
1445,then,405.36,405.42
1446,"two,",405.42,405.58
1447,then,405.64,405.76
1448,"three,",405.76,405.94
1449,then,405.96,406.15999999999997
1450,"four,",406.15999999999997,406.32
1451,then,406.36,406.52
1452,"five,",406.52,406.72
1453,then,406.8,406.9
1454,"six,",406.9,407.12
1455,and,407.24,407.28
1456,"seven,",407.28,407.48
1457,then,407.58,407.7
1458,"eight,",407.7,407.9
1459,then,407.98,408.08
1460,nine.,408.08,408.24
1461,Main,408.28,408.56
1462,is,408.56,408.9
1463,what,408.9,409.15999999999997
1464,happens,409.15999999999997,409.5
1465,when,409.5,409.7
1466,somebody,409.7,410.04
1467,starts,410.04,410.32
1468,your,410.32,410.56
1469,program.,410.56,410.72
1470,So,410.84000000000003,411.0
1471,death,411.0,411.24
1472,main,411.24,411.42
1473,"says,",411.42,411.78
1474,when,411.98,412.1
1475,someone,412.1,412.36
1476,starts,412.36,412.54
1477,your,412.54,412.76
1478,"program,",412.76,413.04
1479,I'm,413.04,413.4
1480,going,413.4,413.62
1481,to,413.62,413.68
1482,execute,413.68,414.08
1483,all,414.08,414.46
1484,of,414.46,414.6
1485,these,414.6,414.82
1486,commands.,414.82,415.1
1487,And,415.4,415.42
1488,then,415.42,415.56
1489,I,415.56,415.64
1490,write,415.64,415.78
1491,the,415.78,416.54
1492,commands,416.54,416.54
1493,one,416.54,417.12
1494,by,417.12,417.32
1495,one.,417.32,417.68
1496,The,418.04,418.06
1497,first,418.06,418.4
1498,command,418.4,418.65999999999997
1499,I,418.65999999999997,418.8
1500,wrote,418.8,419.0
1501,is,419.0,419.7
1502,print,419.7,420.12
1503,hello,420.12,420.36
1504,world.,420.36,420.9
1505,Print,421.3,421.3
1506,doesn't,421.3,421.6
1507,mean,421.6,421.94
1508,like,421.94,422.46
1509,print,422.46,422.82
1510,through,422.82,423.14
1511,your,423.14,423.36
1512,printer.,423.36,423.58
1513,It,423.84000000000003,423.9
1514,means,423.9,424.36
1515,show,424.36,424.86
1516,up,424.86,425.28
1517,on,425.28,425.46
1518,the,425.46,425.65999999999997
1519,screen.,425.65999999999997,425.96
1520,The,426.22,426.28
1521,next,426.28,426.46
1522,line,426.46,426.64
1523,"says,",426.64,427.26
1524,for,427.56,427.56
1525,I,427.56,427.88
1526,in,427.88,428.1
1527,range.,428.1,428.4
1528,One,428.76,428.84000000000003
1529,of,428.84000000000003,428.96000000000004
1530,the,428.96000000000004,429.03999999999996
1531,great,429.03999999999996,429.2
1532,things,429.2,429.38
1533,about,429.38,429.58000000000004
1534,computer,429.58000000000004,429.86
1535,is,429.86,430.44
1536,that,430.44,430.53999999999996
1537,they,430.53999999999996,430.7
1538,can,430.7,430.78
1539,do,430.78,431.02
1540,lots,431.02,431.26
1541,of,431.26,431.68
1542,repetitive,431.68,431.76
1543,tasks,431.76,432.28
1544,without,432.28,432.8
1545,being,432.8,433.03999999999996
1546,coming,433.03999999999996,433.28
1547,frustrated.,433.28,433.64
1548,Humans,434.08000000000004,434.08000000000004
1549,not,434.08000000000004,434.38
1550,so,434.38,434.52
1551,much.,434.52,434.8
1552,This,435.2,435.44
1553,is,435.44,435.62
1554,one,435.62,435.74
1555,of,435.74,435.82
1556,those,435.82,436.2
1557,basic,436.2,436.6
1558,commands,436.6,436.86
1559,you,436.86,437.0
1560,need,437.0,437.15999999999997
1561,to,437.15999999999997,437.26
1562,know,437.26,437.38
1563,to,437.38,437.5
1564,make,437.5,437.62
1565,a,437.62,437.82
1566,computer,437.82,438.06
1567,repeat,438.06,438.36
1568,a,438.36,438.58000000000004
1569,task.,438.58000000000004,438.84000000000003
1570,It,439.0,439.1
1571,"says,",439.1,439.44
1572,I,439.68,439.68
1573,want,439.68,439.82
1574,to,439.82,440.03999999999996
1575,repeat,440.03999999999996,440.22
1576,something,440.22,440.76
1577,10,440.76,441.32
1578,times.,441.32,441.65999999999997
1579,And,441.65999999999997,441.96000000000004
1580,10,441.96000000000004,442.2
1581,"times,",442.2,442.56
1582,I,442.58000000000004,442.65999999999997
1583,would,442.65999999999997,442.76
1584,like,442.76,443.02
1585,to,443.02,443.15999999999997
1586,print,443.15999999999997,443.44
1587,out,443.44,444.06
1588,a,444.06,444.24
1589,value.,444.24,444.44
1590,This,444.94,445.03999999999996
1591,is,445.03999999999996,445.22
1592,a,445.22,445.32
1593,value,445.32,445.48
1594,that's,445.48,445.68
1595,going,445.68,445.86
1596,to,445.86,445.9
1597,change,445.9,446.3
1598,numbers,446.3,446.72
1599,from,446.72,447.15999999999997
1600,zero,447.15999999999997,447.53999999999996
1601,up,447.53999999999996,447.7
1602,to,447.7,447.82
1603,nine.,447.82,448.1
1604,So,448.22,448.28
1605,when,448.28,448.36
1606,you,448.36,448.48
1607,run,448.48,448.62
1608,this,448.62,448.84000000000003
1609,"program,",448.84000000000003,449.2
1610,it'll,449.44,449.56
1611,print,449.56,449.72
1612,zero.,449.72,449.98
1613,Then,450.0,450.52
1614,"one,",450.52,450.86
1615,then,451.1,451.24
1616,"two,",451.24,451.64
1617,then,451.7,451.84
1618,"three,",451.84,452.22
1619,and,452.24,452.4
1620,"four,",452.4,452.74
1621,then,452.8,452.88
1622,"five,",452.88,453.04
1623,and,453.06,453.14
1624,"six,",453.14,453.3
1625,and,453.4,453.42
1626,"seven,",453.42,453.58
1627,and,453.66,453.68
1628,"eight,",453.68,453.78
1629,and,453.92,453.94
1630,nine.,453.94,454.2
1631,Next,454.9,454.9
1632,question,454.9,455.26
1633,from,455.26,455.66
1634,Che,455.66,455.98
1635,Esquire.,455.98,456.44
1636,What,456.7,456.7
1637,is,456.7,456.88
1638,the,456.88,457.04
1639,meaning,457.04,457.34
1640,of,457.34,457.6
1641,error,457.6,457.88
1642,404?,457.88,458.22
1643,Error,458.56,458.8
1644,404,458.8,459.1
1645,is,459.1,459.5
1646,what,459.5,459.68
1647,you,459.68,459.9
1648,see,459.9,460.06
1649,when,460.06,460.22
1650,you,460.22,460.38
1651,go,460.38,460.62
1652,to,460.62,460.72
1653,a,460.72,460.98
1654,website,460.98,461.16
1655,and,461.16,461.78
1656,that,461.78,462.18
1657,website,462.18,462.72
1658,doesn't,462.72,463.28
1659,exist.,463.28,463.68
1660,And,463.72,463.86
1661,the,463.86,463.96
1662,webpage,463.96,464.16
1663,is,464.16,464.38
1664,"saying,",464.38,464.6
1665,I,464.72,464.76
1666,don't,464.76,465.08
1667,know,465.08,465.48
1668,what,465.48,465.7
1669,website,465.7,465.9
1670,you're,465.9,466.16
1671,looking,466.16,466.28
1672,for.,466.28,466.56
1673,More,466.72,467.02
1674,"broadly,",467.02,467.48
1675,when,467.84,468.08
1676,programs,468.08,468.46
1677,don't,468.46,468.88
1678,know,468.88,469.04
1679,what,469.04,469.14
1680,to,469.14,469.24
1681,do,469.24,469.5
1682,or,469.5,469.68
1683,when,469.68,469.84
1684,they,469.84,470.04
1685,"break,",470.04,470.44
1686,they,470.64,470.96
1687,often,470.96,471.3
1688,throw,471.3,471.6
1689,a,471.6,471.8
1690,thing,471.8,471.8
1691,called,471.8,472.02
1692,an,472.02,472.26
1693,error.,472.26,472.44
1694,And,472.72,472.84
1695,as,472.84,473.0
1696,a,473.0,473.18
1697,"human,",473.18,473.36
1698,you're,473.36,473.7
1699,given,473.7,473.94
1700,these,473.94,474.26
1701,errors.,474.26,474.58
1702,Errors,475.18,475.18
1703,always,475.18,475.42
1704,have,475.42,475.68
1705,codes.,475.68,475.96
1706,They,476.02,476.2
1707,tell,476.2,476.7
1708,the,476.7,477.02
1709,human,477.02,477.3
1710,and,477.3,477.58
1711,they,477.58,477.82
1712,tell,477.82,478.24
1713,somebody,478.24,478.6
1714,who's,478.6,479.06
1715,trying,479.06,479.26
1716,to,479.26,479.46
1717,diagnose,479.46,479.86
1718,what,479.86,480.1
1719,went,480.1,480.28
1720,"wrong,",480.28,480.7
1721,exactly,480.92,481.22
1722,what,481.22,481.42
1723,the,481.42,481.56
1724,problem,481.56,481.76
1725,was.,481.76,482.04
1726,So,482.32,482.44
1727,when,482.44,482.48
1728,you,482.48,482.62
1729,see,482.62,482.82
1730,error,482.82,483.06
1731,"404,",483.06,483.42
1732,that's,483.68,483.9
1733,a,483.9,484.2
1734,specific,484.2,484.52
1735,message,484.52,484.86
1736,"saying,",484.86,485.38
1737,exactly,485.65999999999997,485.92
1738,what,485.92,486.12
1739,went,486.12,486.28
1740,wrong,486.28,486.7
1741,was,486.7,486.98
1742,that,486.98,487.26
1743,I,487.26,487.48
1744,wasn't,487.48,487.78
1745,able,487.78,487.94
1746,to,487.94,488.18
1747,find,488.18,488.5
1748,the,488.5,488.94
1749,particular,488.94,489.38
1750,URL,489.38,489.84000000000003
1751,you,489.84000000000003,490.08
1752,were,490.08,490.2
1753,looking,490.2,490.38
1754,for.,490.38,490.62
1755,Web,490.8,491.1
1756,error,491.1,491.36
1757,codes,491.36,491.58
1758,were,491.58,491.78
1759,actually,491.78,492.06
1760,defined,492.06,492.42
1761,by,492.42,492.9
1762,the,492.9,493.0
1763,guy,493.0,493.22
1764,who,493.22,493.65999999999997
1765,invented,493.65999999999997,493.82
1766,the,493.82,494.2
1767,web,494.2,494.62
1768,Tim,494.62,494.8
1769,Bernerly.,494.8,495.26
1770,As,495.36,495.58
1771,I,495.58,495.86
1772,understand,495.86,496.18
1773,"it,",496.18,496.42
1774,he,496.44,496.52
1775,was,496.52,496.76
1776,just,496.76,497.2
1777,coming,497.2,497.34000000000003
1778,up,497.34000000000003,497.48
1779,with,497.48,497.65999999999997
1780,sequential,497.65999999999997,497.96
1781,codes.,497.96,498.38
1782,I,498.46,498.48
1783,think,498.48,498.68
1784,the,498.68,498.88
1785,first,498.88,499.2
1786,four,499.2,499.48
1787,means,499.48,499.72
1788,that,499.72,499.88
1789,there,499.88,500.02
1790,is,500.02,500.2
1791,a,500.2,500.32
1792,problem,500.32,500.64
1793,with,500.64,501.04
1794,your,501.04,501.2
1795,webpage,501.2,501.62
1796,for,501.62,501.86
1797,a,501.86,502.0
1798,"one,",502.0,502.2
1799,"four,",502.36,502.36
1800,"two,",502.44,502.65999999999997
1801,"four,",502.65999999999997,502.84000000000003
1802,"three,",502.92,503.22
1803,"four,",503.22,503.54
1804,"four,",503.56,503.94
1805,or,503.94,504.06
1806,just,504.06,504.22
1807,different,504.22,504.48
1808,problems,504.48,504.8
1809,that,504.8,505.02
1810,could,505.02,505.2
1811,come,505.2,505.38
1812,up,505.38,505.62
1813,when,505.62,505.76
1814,you're,505.76,505.9
1815,trying,505.9,506.04
1816,to,506.04,506.15999999999997
1817,load,506.15999999999997,506.26
1818,a,506.26,506.4
1819,webpage.,506.4,506.62
1820,"Okay,",506.96,507.1
1821,next,507.26,507.44
1822,question.,507.44,507.84000000000003
1823,Formula,507.84000000000003,508.32
1824,winner.,508.32,508.78
1825,Are,509.08,509.12
1826,programming,509.12,509.38
1827,coding,509.38,509.8
1828,the,509.8,510.02
1829,same,510.02,510.2
1830,thing?,510.2,510.88
1831,Coding,511.9,511.96
1832,is,511.96,512.24
1833,the,512.24,512.34
1834,process,512.34,512.58
1835,of,512.58,512.88
1836,opening,512.88,513.02
1837,up,513.02,513.14
1838,an,513.14,513.46
1839,application,513.46,513.54
1840,on,513.54,513.78
1841,your,513.78,513.96
1842,computer,513.96,514.26
1843,and,514.26,514.7
1844,writing,514.7,514.92
1845,a,514.92,515.16
1846,sequence,515.16,515.4
1847,of,515.4,515.62
1848,commands,515.62,516.02
1849,that,516.02,516.5
1850,look,516.5,516.6800000000001
1851,a,516.6800000000001,516.92
1852,lot,516.92,517.1
1853,like,517.1,517.36
1854,"English,",517.36,517.6
1855,but,517.76,517.78
1856,are,517.78,518.0
1857,in,518.0,518.1
1858,a,518.1,518.28
1859,specific,518.28,518.6
1860,language,518.6,518.88
1861,that,518.88,519.06
1862,your,519.06,519.26
1863,computer,519.26,519.48
1864,can,519.48,519.8199999999999
1865,understand.,519.8199999999999,520.26
1866,You,520.46,520.48
1867,can,520.48,520.7
1868,code,520.7,520.9
1869,in,520.9,521.06
1870,something,521.06,521.26
1871,like,521.26,521.46
1872,Python,521.46,521.74
1873,or,521.74,522.08
1874,JavaScript.,522.08,522.46
1875,These,522.48,522.74
1876,are,522.74,522.88
1877,the,522.88,523.08
1878,languages,523.08,523.48
1879,of,523.48,524.12
1880,coding.,524.12,524.46
1881,And,524.66,524.88
1882,that's,524.88,525.1
1883,how,525.1,525.3
1884,you,525.3,525.56
1885,tell,525.56,525.74
1886,a,525.74,525.9
1887,computer.,525.9,526.14
1888,I,526.7,526.72
1889,want,526.72,526.96
1890,you,526.96,527.08
1891,to,527.08,527.24
1892,perform,527.24,527.6
1893,all,527.6,527.8
1894,these,527.8,527.96
1895,actions,527.96,528.28
1896,when,528.28,528.5
1897,somebody,528.5,528.72
1898,hits,528.72,528.9
1899,a,528.9,529.06
1900,button,529.06,529.24
1901,or,529.24,529.56
1902,when,529.56,529.72
1903,somebody,529.72,529.98
1904,opens,529.98,530.24
1905,this,530.24,530.48
1906,application.,530.48,530.96
1907,Programming,531.16,531.38
1908,is,531.38,531.64
1909,the,531.64,531.7
1910,exact,531.7,531.94
1911,same,531.94,532.12
1912,thing.,532.12,532.48
1913,You're,532.54,532.64
1914,making,532.64,532.86
1915,a,532.86,533.08
1916,program,533.08,533.3199999999999
1917,when,533.3199999999999,533.76
1918,you're,533.76,534.54
1919,coding.,534.54,534.54
1920,Future,534.72,535.02
1921,Lear.,535.02,535.4
1922,What,535.4,535.84
1923,is,535.84,536.04
1924,Raspberry,536.04,536.28
1925,Pi,536.28,536.66
1926,and,536.66,537.02
1927,what,537.02,537.16
1928,can,537.16,537.3199999999999
1929,be,537.3199999999999,537.48
1930,used,537.48,537.6800000000001
1931,for?,537.6800000000001,538.1
1932,Future,538.4,538.4
1933,Lear.,538.4,538.78
1934,This,539.3199999999999,539.72
1935,is,539.72,540.1
1936,a,540.1,540.1800000000001
1937,Raspberry,540.1800000000001,540.38
1938,Pi.,540.38,540.66
1939,And,540.8,541.12
1940,this,541.12,541.66
1941,is,541.66,542.08
1942,one,542.08,542.24
1943,of,542.24,542.3199999999999
1944,the,542.3199999999999,542.42
1945,world's,542.42,543.0
1946,cheapest,543.0,543.22
1947,computers.,543.22,543.58
1948,What,543.78,543.92
1949,are,543.92,544.06
1950,we,544.06,544.1800000000001
1951,looking,544.1800000000001,544.34
1952,at,544.34,544.48
1953,here?,544.48,544.66
1954,We're,544.86,544.9
1955,looking,544.9,545.1800000000001
1956,at,545.1800000000001,545.6
1957,a,545.6,545.84
1958,small,545.84,545.9
1959,version,545.9,546.22
1960,of,546.22,546.38
1961,a,546.38,546.6
1962,motherboard.,546.6,546.84
1963,And,547.2,547.28
1964,on,547.28,547.46
1965,"it,",547.46,547.64
1966,it,547.8199999999999,547.8199999999999
1967,has,547.8199999999999,548.12
1968,things,548.12,548.3199999999999
1969,that,548.3199999999999,548.44
1970,you,548.44,548.54
1971,can,548.54,548.66
1972,plug,548.66,548.86
1973,"in,",548.86,549.22
1974,like,549.42,549.44
1975,a,549.44,549.6
1976,"USB,",549.6,549.94
1977,it,550.12,550.2
1978,has,550.2,550.28
1979,a,550.28,550.44
1980,place,550.44,550.66
1981,for,550.66,550.96
1982,audio,550.96,551.4
1983,and,551.4,551.6
1984,a,551.6,551.76
1985,place,551.76,552.02
1986,for,552.02,552.46
1987,internet,552.46,552.64
1988,connection.,552.64,553.1
1989,And,553.3199999999999,553.64
1990,on,553.64,553.76
1991,the,553.76,553.92
1992,"chip,",553.92,554.02
1993,it,554.2,554.2
1994,has,554.2,554.54
1995,a,554.54,554.94
1996,thing,554.94,555.08
1997,called,555.08,555.28
1998,a,555.28,555.58
1999,CPU.,555.58,555.88
2000,So,556.16,556.3
2001,it's,556.3,556.54
2002,central,556.54,556.74
2003,processing,556.74,557.08
2004,"unit,",557.08,557.44
2005,so,557.46,557.6
2006,it,557.6,557.6800000000001
2007,can,557.6800000000001,557.96
2008,process,557.96,558.36
2009,programs.,558.36,558.94
2010,And,559.02,559.26
2011,it,559.26,559.4
2012,has,559.4,559.6
2013,some,559.6,559.8
2014,space,559.8,560.02
2015,for,560.02,560.16
2016,"memory,",560.16,560.44
2017,so,560.46,560.64
2018,it,560.64,560.66
2019,can,560.66,560.88
2020,store,560.88,561.06
2021,some,561.06,561.3199999999999
2022,data.,561.3199999999999,561.64
2023,It,561.7,561.76
2024,can,561.76,561.98
2025,connect,561.98,562.2
2026,to,562.2,562.36
2027,a,562.36,562.64
2028,power,562.64,562.78
2029,source.,562.78,563.1800000000001
2030,It,563.42,563.42
2031,could,563.42,563.62
2032,connect,563.62,563.86
2033,to,563.86,564.02
2034,a,564.02,564.14
2035,monitor.,564.14,564.42
2036,And,564.42,564.78
2037,it,564.78,564.86
2038,can,564.86,565.06
2039,connect,565.06,565.28
2040,to,565.28,565.42
2041,lots,565.42,565.54
2042,of,565.54,565.76
2043,sensors.,565.76,565.94
2044,And,566.36,566.64
2045,why,566.64,566.86
2046,is,566.86,566.94
2047,it,566.94,567.24
2048,so,567.24,567.46
2049,cool?,567.46,567.78
2050,Let's,567.92,568.2
2051,say,568.2,568.4
2052,you,568.4,568.58
2053,want,568.58,568.76
2054,to,568.76,568.88
2055,write,568.88,569.02
2056,a,569.02,569.3
2057,"program,",569.3,569.84
2058,but,569.88,570.1800000000001
2059,you,570.1800000000001,570.36
2060,wanted,570.36,570.62
2061,to,570.62,570.78
2062,make,570.78,570.96
2063,it,570.96,571.5
2064,physical,571.5,571.66
2065,and,571.66,571.92
2066,interact,571.92,572.14
2067,in,572.14,572.3
2068,the,572.3,572.36
2069,real,572.36,572.48
2070,world.,572.48,572.6800000000001
2071,Maybe,572.74,572.92
2072,you,572.92,573.02
2073,want,573.02,573.14
2074,to,573.14,573.1800000000001
2075,make,573.1800000000001,573.36
2076,a,573.36,573.6
2077,robot,573.6,573.84
2078,or,573.84,574.34
2079,maybe,574.34,574.5
2080,you,574.5,574.62
2081,want,574.62,574.74
2082,to,574.74,574.84
2083,make,574.84,575.1
2084,a,575.1,575.38
2085,smart,575.38,575.64
2086,doorbell,575.64,576.0
2087,or,576.0,576.16
2088,something,576.16,576.34
2089,like,576.34,576.58
2090,that.,576.58,576.96
2091,You,576.98,577.08
2092,could,577.08,577.26
2093,use,577.26,577.64
2094,this,577.64,578.06
2095,super,578.06,578.4
2096,cheap,578.4,578.7
2097,programmable,578.7,579.3199999999999
2098,computer,579.3199999999999,579.64
2099,and,579.64,580.14
2100,maybe,580.14,580.28
2101,you,580.28,580.42
2102,put,580.42,580.58
2103,a,580.58,580.76
2104,sensor,580.76,581.04
2105,in,581.04,581.24
2106,it,581.24,581.54
2107,and,581.54,581.72
2108,maybe,581.72,581.88
2109,you,581.88,582.04
2110,make,582.04,582.54
2111,another,582.54,583.08
2112,actuator,583.08,583.86
2113,and,583.86,584.06
2114,then,584.06,584.2
2115,you,584.2,584.3
2116,make,584.3,584.76
2117,something,584.76,585.26
2118,happen,585.26,585.6800000000001
2119,in,585.6800000000001,586.02
2120,the,586.02,586.12
2121,real,586.12,586.24
2122,world.,586.24,586.5
2123,Next,586.62,586.8199999999999
2124,question,586.8199999999999,587.14
2125,from,587.14,587.52
2126,TJ,587.52,587.78
2127,Jessie,587.78,588.1800000000001
2128,TJ.,588.1800000000001,588.5
2129,How,588.88,589.08
2130,do,589.08,589.24
2131,you,589.24,589.3199999999999
2132,code,589.3199999999999,589.52
2133,AI?,589.52,589.9
2134,"Wow,",590.14,590.58
2135,what,590.72,590.86
2136,a,590.86,591.14
2137,"deep,",591.14,591.44
2138,deep,591.44,591.7
2139,question,591.7,592.26
2140,in,592.26,592.66
2141,so,592.66,592.94
2142,few,592.94,593.16
2143,words.,593.16,593.44
2144,People,593.44,593.6800000000001
2145,might,593.6800000000001,593.86
2146,be,593.86,594.2
2147,wondering,594.2,594.22
2148,what,594.22,594.46
2149,AI,594.46,594.72
2150,means.,594.72,595.06
2151,AI,595.5,595.5
2152,stands,595.5,595.74
2153,for,595.74,596.26
2154,artificial,596.26,596.26
2155,intelligence,596.26,596.72
2156,and,596.72,597.12
2157,artificial,597.12,597.3199999999999
2158,intelligence,597.3199999999999,597.76
2159,is,597.76,598.02
2160,a,598.02,598.3199999999999
2161,very,598.3199999999999,598.56
2162,broad,598.56,598.76
2163,term.,598.76,599.04
2164,It,599.36,599.42
2165,literally,599.42,599.62
2166,means,599.62,599.92
2167,any,600.0,600.56
2168,algorithm,600.56,600.94
2169,which,600.94,601.68
2170,is,601.68,602.3
2171,acting,602.3,602.78
2172,in,602.78,603.22
2173,an,603.22,603.36
2174,intelligent,603.36,603.66
2175,way.,603.66,603.94
2176,The,604.02,604.1
2177,most,604.1,604.38
2178,common,604.38,604.72
2179,type,604.72,604.98
2180,of,604.98,605.16
2181,artificial,605.16,605.44
2182,intelligence,605.44,605.92
2183,is,605.92,606.48
2184,a,606.48,606.68
2185,type,606.68,606.88
2186,called,606.88,607.1
2187,machine,607.1,607.42
2188,learning.,607.42,607.8
2189,And,608.18,608.2
2190,that's,608.2,608.38
2191,when,608.38,608.48
2192,an,608.48,608.66
2193,algorithm,608.66,608.9
2194,gets,608.9,609.38
2195,smarter,609.38,609.74
2196,when,609.74,610.12
2197,it,610.12,610.24
2198,looks,610.24,610.42
2199,at,610.42,610.68
2200,data,610.68,611.04
2201,or,611.04,611.66
2202,when,611.66,611.78
2203,it,611.78,611.9
2204,gets,611.9,612.14
2205,experiences,612.14,612.58
2206,of,612.58,612.9
2207,its,612.9,613.12
2208,own.,613.12,613.32
2209,The,613.48,613.56
2210,most,613.56,613.84
2211,common,613.84,614.16
2212,way,614.16,614.34
2213,to,614.34,614.5
2214,code,614.5,614.74
2215,AI,614.74,615.06
2216,is,615.06,615.54
2217,in,615.54,615.76
2218,Python,615.76,616.12
2219,using,616.12,616.62
2220,something,616.62,616.96
2221,like,616.96,617.32
2222,pie,617.32,617.56
2223,torch,617.56,617.8
2224,or,617.8,618.02
2225,TensorFlow.,618.02,618.5
2226,You,618.52,618.76
2227,"say,",618.76,619.18
2228,here,619.38,619.38
2229,is,619.38,619.52
2230,the,619.52,619.76
2231,structure,619.76,620.16
2232,of,620.16,620.7
2233,my,620.7,621.06
2234,artificial,621.06,621.38
2235,intelligence,621.38,622.0
2236,network.,622.0,622.46
2237,And,623.08,623.26
2238,once,623.26,623.4
2239,I,623.4,623.52
2240,have,623.52,623.62
2241,that,623.62,623.82
2242,"structure,",623.82,624.08
2243,I'm,624.14,624.28
2244,going,624.28,624.34
2245,to,624.34,624.4
2246,write,624.4,624.56
2247,some,624.56,624.8
2248,code,624.8,625.02
2249,that,625.02,625.16
2250,can,625.16,625.4
2251,take,625.4,625.6
2252,in,625.6,625.78
2253,data,625.78,626.08
2254,and,626.08,626.44
2255,I'll,626.44,626.6
2256,tell,626.6,626.78
2257,my,626.78,627.04
2258,artificial,627.04,627.28
2259,intelligence,627.28,627.76
2260,to,627.76,628.18
2261,get,628.18,628.44
2262,smarter,628.44,628.74
2263,using,628.74,629.06
2264,data.,629.06,629.42
2265,And,629.42,629.78
2266,that's,629.78,629.98
2267,all,629.98,630.12
2268,done,630.12,630.24
2269,in,630.24,630.46
2270,Python.,630.46,630.6
2271,But,631.04,631.12
2272,in,631.12,631.34
2273,"2022,",631.34,631.8
2274,the,632.06,632.1
2275,way,632.1,632.26
2276,people,632.26,632.42
2277,write,632.42,632.68
2278,AI,632.68,632.88
2279,could,632.88,633.3
2280,be,633.3,633.5
2281,changing.,633.5,633.96
2282,There,634.4,634.42
2283,are,634.42,634.6
2284,these,634.6,635.22
2285,really,635.22,635.7
2286,large,635.7,636.16
2287,artificial,636.16,636.54
2288,intelligence,636.54,637.0
2289,"networks,",637.0,637.38
2290,which,637.74,637.96
2291,have,637.96,638.08
2292,been,638.08,638.34
2293,published.,638.34,638.76
2294,And,638.96,639.18
2295,sometimes,639.18,639.56
2296,writing,639.56,639.9
2297,AI,639.9,640.28
2298,is,640.28,640.76
2299,figuring,640.76,640.96
2300,out,640.96,641.14
2301,how,641.14,641.26
2302,to,641.26,641.48
2303,talk,641.48,641.82
2304,to,641.82,642.0
2305,these,642.0,642.32
2306,really,642.32,643.14
2307,billion,643.14,643.6
2308,parameter,643.6,644.2
2309,neural,644.2,644.52
2310,networks.,644.52,644.94
2311,So,644.94,645.16
2312,you,645.16,645.24
2313,can,645.24,645.42
2314,put,645.42,645.54
2315,in,645.54,645.8
2316,prompts,645.8,646.16
2317,that,646.16,646.48
2318,would,646.48,646.64
2319,give,646.64,646.78
2320,you,646.78,647.04
2321,interesting,647.04,647.34
2322,answers.,647.34,647.84
2323,"Kukyelka,",648.2,648.78
2324,"Musiage,",648.98,649.52
2325,"asks,",649.84,650.1
2326,do,650.34,650.4
2327,you,650.4,650.64
2328,practice,650.64,650.98
2329,algorithms,650.98,651.46
2330,frequently?,651.46,652.1
2331,If,652.56,652.84
2332,"yes,",652.84,653.3
2333,why?,653.5,653.86
2334,I,654.3,654.38
2335,do,654.38,654.58
2336,practice,654.58,654.88
2337,algorithms,654.88,655.3
2338,frequently.,655.3,655.72
2339,I,655.82,656.04
2340,practice,656.04,656.36
2341,algorithms,656.36,656.86
2342,frequently,656.86,657.2
2343,for,657.2,657.54
2344,lots,657.54,657.82
2345,of,657.82,658.0
2346,reasons.,658.0,658.32
2347,"One,",658.32,658.72
2348,because,658.8,659.14
2349,they're,659.14,659.46
2350,neat.,659.46,659.8
2351,"One,",659.82,659.96
2352,because,660.0,660.18
2353,I,660.18,660.46
2354,teach,660.46,660.66
2355,them,660.66,660.96
2356,"one,",660.96,661.12
2357,because,661.2,661.42
2358,they,661.42,661.7
2359,keep,661.7,661.94
2360,me,661.94,662.18
2361,becoming,662.18,662.5
2362,a,662.5,662.68
2363,great,662.68,662.98
2364,"programmer,",662.98,663.28
2365,but,663.46,663.52
2366,also,663.52,663.72
2367,because,663.72,663.98
2368,we,663.98,664.26
2369,invent,664.26,664.3
2370,algorithms.,664.3,664.66
2371,But,665.0,665.12
2372,what's,665.12,665.42
2373,an,665.42,665.6
2374,algorithm?,665.6,665.94
2375,An,666.2,666.4
2376,algorithm,666.4,666.6
2377,is,666.6,666.92
2378,basically,666.92,667.6800000000001
2379,any,667.6800000000001,668.1800000000001
2380,piece,668.1800000000001,668.4
2381,of,668.4,668.6
2382,code,668.6,669.0
2383,that,669.0,669.38
2384,doesn't,669.38,669.88
2385,interesting,669.88,670.36
2386,tasks.,670.36,670.8199999999999
2387,So,670.96,671.0
2388,maybe,671.0,671.24
2389,it,671.24,671.58
2390,solves,671.58,672.12
2391,a,672.12,672.64
2392,problem,672.64,673.02
2393,that,673.02,673.28
2394,would,673.28,673.48
2395,take,673.48,673.78
2396,a,673.78,673.94
2397,lot,673.94,674.04
2398,of,674.04,674.24
2399,thought.,674.24,674.52
2400,One,674.7,674.84
2401,example,674.84,675.22
2402,of,675.22,675.42
2403,something,675.42,675.6
2404,we,675.6,675.74
2405,worked,675.74,675.9
2406,on,675.9,676.1
2407,recently,676.1,676.42
2408,is,676.42,676.62
2409,we,676.62,676.74
2410,made,676.74,676.9
2411,an,676.9,677.2
2412,algorithm,677.2,677.54
2413,that,677.54,677.9
2414,can,677.9,678.04
2415,do,678.04,678.1800000000001
2416,a,678.1800000000001,678.36
2417,digital,678.36,678.66
2418,eye,678.66,678.96
2419,test.,678.96,679.26
2420,And,679.26,679.4
2421,it's,679.4,679.64
2422,always,679.64,679.88
2423,being,679.88,680.1800000000001
2424,thoughtful,680.1800000000001,680.46
2425,about,680.46,681.0
2426,what,681.0,681.34
2427,size,681.34,681.74
2428,letter,681.74,681.92
2429,to,681.92,682.12
2430,show,682.12,682.3
2431,somebody,682.3,682.54
2432,next.,682.54,682.94
2433,One,683.16,683.3199999999999
2434,algorithm,683.3199999999999,683.58
2435,you,683.58,683.78
2436,might,683.78,684.0
2437,hear,684.0,684.1800000000001
2438,a,684.1800000000001,684.28
2439,lot,684.28,684.4
2440,about,684.4,684.66
2441,is,684.66,684.84
2442,like,684.84,685.06
2443,the,685.06,685.28
2444,"tick,",685.28,685.58
2445,talk,685.58,685.86
2446,algorithm.,685.86,686.24
2447,What,686.6,686.8
2448,that,686.8,687.16
2449,does,687.16,687.62
2450,is,687.62,687.92
2451,it,687.92,688.04
2452,decides,688.04,688.38
2453,what,688.38,688.92
2454,video,688.92,689.2
2455,you,689.2,689.36
2456,should,689.36,689.56
2457,see,689.56,689.78
2458,next.,689.78,690.14
2459,How,690.52,690.54
2460,does,690.54,690.74
2461,it,690.74,690.94
2462,work?,690.94,691.28
2463,That's,691.46,691.86
2464,in,691.86,691.94
2465,fact,691.94,692.1800000000001
2466,a,692.1800000000001,692.3199999999999
2467,bit,692.3199999999999,692.44
2468,of,692.44,692.6
2469,a,692.6,692.6800000000001
2470,mystery.,692.6800000000001,692.92
2471,I,693.0,693.08
2472,don't,693.08,693.3199999999999
2473,think,693.3199999999999,693.46
2474,they,693.46,693.7
2475,tell,693.7,693.92
2476,the,693.92,694.06
2477,world,694.06,694.42
2478,this,694.42,694.6800000000001
2479,is,694.6800000000001,694.9
2480,how,694.9,695.08
2481,our,695.08,695.22
2482,algorithm,695.22,695.62
2483,works.,695.62,695.96
2484,But,696.0,696.12
2485,when,696.12,696.26
2486,people,696.26,696.46
2487,say,696.46,696.64
2488,the,696.64,696.84
2489,"tick,",696.84,697.02
2490,talk,697.1,697.1800000000001
2491,"algorithm,",697.1800000000001,697.62
2492,what,698.0,698.0
2493,they're,698.0,698.22
2494,talking,698.22,698.5
2495,about,698.5,698.94
2496,is,698.94,699.2
2497,how,699.2,699.48
2498,"tick,",699.48,699.64
2499,"talk,",699.86,699.88
2500,choose,700.08,700.08
2501,that,700.08,700.3199999999999
2502,next,700.3199999999999,700.58
2503,video.,700.58,701.1
2504,"And,",701.6,701.6
2505,"uh,",702.06,702.06
2506,"ask,",702.36,702.8
2507,get,703.28,703.62
2508,hub.,703.62,704.26
2509,What,704.42,704.58
2510,the,704.58,704.72
2511,hell,704.72,704.86
2512,is,704.86,705.08
2513,GitHub?,705.08,705.62
2514,It,706.1800000000001,706.24
2515,sounds,706.24,706.62
2516,rude.,706.62,707.06
2517,GitHub,707.5,707.8
2518,is,707.8,708.04
2519,not,708.04,708.26
2520,rude.,708.26,708.52
2521,Could,708.78,708.78
2522,help,708.78,708.92
2523,your,708.92,709.1
2524,friend.,709.1,709.36
2525,GitHub,709.52,709.66
2526,is,709.66,710.16
2527,a,710.16,710.3
2528,website,710.3,710.58
2529,where,710.58,710.98
2530,a,710.98,711.12
2531,lot,711.12,711.26
2532,of,711.26,711.38
2533,us,711.38,711.6800000000001
2534,host,711.6800000000001,712.0
2535,our,712.0,712.28
2536,code.,712.28,712.56
2537,So,712.64,712.78
2538,when,712.78,712.9
2539,I,712.9,713.06
2540,write,713.06,713.2
2541,a,713.2,713.42
2542,"program,",713.42,713.8199999999999
2543,often,713.98,714.1800000000001
2544,I'm,714.1800000000001,714.5
2545,working,714.5,714.52
2546,with,714.52,714.74
2547,other,714.74,714.98
2548,people,714.98,715.28
2549,and,715.28,715.46
2550,we,715.46,715.56
2551,always,715.56,715.94
2552,get,715.94,715.94
2553,hub,715.94,716.26
2554,to,716.26,716.88
2555,store,716.88,717.2
2556,our,717.2,717.46
2557,code.,717.46,717.72
2558,A,718.02,718.06
2559,lot,718.06,718.24
2560,like,718.24,718.8199999999999
2561,using,718.8199999999999,719.1800000000001
2562,Google,719.1800000000001,719.56
2563,Docs,719.56,720.3
2564,for,720.3,720.6800000000001
2565,when,720.6800000000001,720.8199999999999
2566,you're,720.8199999999999,721.1
2567,working,721.1,721.36
2568,on,721.36,721.54
2569,a,721.54,721.66
2570,word,721.66,721.84
2571,document,721.84,722.24
2572,"together,",722.24,722.84
2573,get,722.92,723.1
2574,hubs,723.1,723.24
2575,are,723.24,723.46
2576,placed,723.46,723.6800000000001
2577,for,723.6800000000001,723.88
2578,code.,723.88,724.12
2579,It's,724.38,724.44
2580,also,724.44,724.7
2581,a,724.7,724.92
2582,place,724.92,724.94
2583,where,724.94,725.04
2584,you,725.04,725.06
2585,can,725.06,725.24
2586,go,725.24,725.38
2587,and,725.38,725.56
2588,see,725.56,725.74
2589,other,725.74,725.94
2590,people's,725.94,726.28
2591,code.,726.28,726.4
2592,Some,726.42,726.62
2593,people,726.62,726.88
2594,choose,726.88,727.2
2595,to,727.2,727.3
2596,put,727.3,727.46
2597,their,727.46,727.6800000000001
2598,code,727.6800000000001,727.8199999999999
2599,up,727.8199999999999,728.1
2600,"publicly,",728.1,728.48
2601,which,728.8,728.94
2602,means,728.94,729.14
2603,that,729.14,729.3
2604,when,729.3,729.38
2605,I'm,729.38,729.54
2606,working,729.54,729.6800000000001
2607,on,729.6800000000001,729.86
2608,a,729.86,729.96
2609,"project,",729.96,730.26
2610,I,730.36,730.64
2611,can,730.64,730.98
2612,see,730.98,731.2
2613,what,731.2,731.46
2614,other,731.46,731.72
2615,people,731.72,731.94
2616,have,731.94,732.12
2617,done.,732.12,732.34
2618,That's,732.78,732.8
2619,one,732.8,732.94
2620,of,732.94,733.0
2621,the,733.0,733.12
2622,cool,733.12,733.22
2623,things,733.22,733.44
2624,about,733.44,733.7
2625,computer,733.7,733.84
2626,science.,733.84,734.14
2627,We're,734.28,734.38
2628,always,734.38,734.66
2629,building,734.66,734.86
2630,on,734.86,735.1
2631,top,735.1,735.3199999999999
2632,of,735.3199999999999,735.48
2633,each,735.48,735.6800000000001
2634,other's,735.6800000000001,736.1800000000001
2635,ideas.,736.1800000000001,736.4
2636,So,736.72,736.72
2637,if,736.72,736.92
2638,somebody,736.92,737.1
2639,is,737.1,737.26
2640,built,737.26,737.42
2641,a,737.42,737.62
2642,really,737.62,737.8199999999999
2643,cool,737.8199999999999,738.0
2644,"program,",738.0,738.3
2645,I,738.46,738.6
2646,don't,738.6,738.78
2647,have,738.78,738.98
2648,to,738.98,739.0
2649,start,739.0,739.16
2650,from,739.16,739.36
2651,scratch,739.36,739.64
2652,off,739.64,739.92
2653,and,739.92,740.2
2654,I,740.2,740.4
2655,can,740.4,740.56
2656,build,740.56,740.7
2657,a,740.7,740.86
2658,top,740.86,741.02
2659,of,741.02,741.1800000000001
2660,their,741.1800000000001,741.58
2661,really,741.58,741.8199999999999
2662,cool,741.8199999999999,742.04
2663,program.,742.04,742.34
2664,Next,742.54,742.8
2665,up,742.8,743.08
2666,from,743.08,743.34
2667,Nana,743.34,743.58
2668,"Simon,",743.58,743.92
2669,which,744.08,744.3199999999999
2670,coding,744.3199999999999,744.56
2671,language,744.56,744.98
2672,is,744.98,745.34
2673,the,745.34,745.46
2674,easiest,745.46,745.78
2675,one.,745.78,746.1
2676,We,750.0,750.08
2677,think,750.08,750.24
2678,it's,750.24,750.7
2679,the,750.7,750.82
2680,most,750.82,751.06
2681,gentle,751.06,751.38
2682,introduction,751.38,751.82
2683,to,751.82,752.06
2684,"programming,",752.06,752.36
2685,but,752.48,752.54
2686,in,752.54,752.62
2687,the,752.62,752.84
2688,very,752.84,753.08
2689,first,753.08,753.3
2690,"week,",753.3,753.74
2691,we,753.8,753.82
2692,use,753.82,754.02
2693,an,754.02,754.24
2694,even,754.24,754.56
2695,simpler,754.56,754.98
2696,programming,754.98,755.36
2697,language,755.36,755.68
2698,called,755.68,756.06
2699,Carol.,756.06,756.32
2700,This,756.44,756.56
2701,is,756.56,756.82
2702,Carol.,756.82,757.22
2703,Carol's,757.72,757.78
2704,a,757.78,758.0
2705,simple,758.0,758.14
2706,robot.,758.14,758.4
2707,Carol,758.74,758.74
2708,can,758.74,758.92
2709,only,758.92,759.2
2710,"move,",759.2,759.6
2711,turn,759.8,759.94
2712,"left,",759.94,760.22
2713,put,760.5,760.54
2714,down,760.54,760.78
2715,a,760.78,760.88
2716,"beeper,",760.88,761.08
2717,or,761.3,761.46
2718,pick,761.46,761.62
2719,up,761.62,761.82
2720,a,761.82,761.9
2721,beeper.,761.9,762.08
2722,But,762.2,762.38
2723,when,762.38,762.48
2724,you,762.48,762.7
2725,add,762.7,762.88
2726,in,762.88,763.08
2727,some,763.08,763.24
2728,of,763.24,763.34
2729,the,763.34,763.52
2730,basic,763.52,763.8
2731,control,763.8,764.22
2732,flow,764.22,764.84
2733,of,764.84,765.08
2734,"programming,",765.08,765.52
2735,Carol,765.62,765.78
2736,can,765.78,765.98
2737,do,765.98,766.3
2738,anything,766.3,766.62
2739,that,766.62,766.8
2740,we,766.8,766.94
2741,can,766.94,767.04
2742,do,767.04,767.2
2743,in,767.2,767.34
2744,"Python,",767.34,767.62
2745,which,767.98,768.14
2746,is,768.14,768.36
2747,incredible.,768.36,768.7
2748,We,768.9,769.02
2749,use,769.02,769.18
2750,as,769.18,769.36
2751,a,769.36,769.4
2752,gentle,769.4,769.58
2753,introduction,769.58,769.96
2754,just,769.96,770.36
2755,to,770.36,770.52
2756,show,770.52,770.82
2757,you,770.82,771.02
2758,the,771.02,771.24
2759,"basics,",771.24,771.58
2760,and,771.62,771.84
2761,it's,771.84,772.0
2762,a,772.0,772.14
2763,great,772.14,772.32
2764,way,772.32,772.44
2765,to,772.44,772.54
2766,learn,772.54,772.72
2767,if,772.72,772.86
2768,you're,772.86,773.36
2769,curious.,773.36,773.36
2770,Diners,773.52,773.84
2771,"asks,",773.84,774.46
2772,do,774.68,774.78
2773,you,774.78,774.84
2774,have,774.84,774.96
2775,to,774.96,775.04
2776,be,775.04,775.14
2777,good,775.14,775.24
2778,at,775.24,775.48
2779,math,775.48,775.68
2780,to,775.68,775.88
2781,code?,775.88,776.2
2782,I,776.48,776.7
2783,lowkey,776.7,777.08
2784,while,777.08,777.26
2785,learning,777.26,777.48
2786,bomb,777.48,777.7
2787,travel,777.7,777.88
2788,at,777.88,778.02
2789,math.,778.02,778.32
2790,Do,778.32,778.74
2791,it.,778.74,779.0
2792,Learn,779.0,779.28
2793,to,779.28,779.5
2794,code.,779.5,779.7
2795,You,779.9,780.04
2796,don't,780.04,780.28
2797,need,780.28,780.5
2798,to,780.5,780.56
2799,be,780.56,780.76
2800,great,780.76,780.92
2801,at,780.92,781.1
2802,math,781.1,781.32
2803,to,781.32,781.48
2804,code.,781.48,781.6
2805,This,781.62,781.78
2806,is,781.78,781.94
2807,a,781.94,782.16
2808,common,782.16,782.36
2809,misconception.,782.36,782.78
2810,I,783.26,783.42
2811,think,783.42,783.58
2812,it,783.58,783.76
2813,has,783.76,783.94
2814,its,783.94,784.2
2815,historical,784.2,784.48
2816,roots,784.48,784.88
2817,in,784.88,784.98
2818,the,784.98,785.14
2819,fact,785.14,785.4
2820,that,785.4,785.7
2821,when,785.7,785.9
2822,programming,785.9,786.16
2823,was,786.16,786.46
2824,first,786.46,786.66
2825,"invented,",786.66,787.02
2826,they,787.06,787.2
2827,didn't,787.2,787.46
2828,know,787.46,787.66
2829,where,787.66,787.8
2830,to,787.8,787.96
2831,put,787.96,788.14
2832,it,788.14,788.5
2833,inside,788.5,788.8
2834,the,788.8,789.06
2835,"university,",789.06,789.38
2836,and,789.52,789.62
2837,they,789.62,789.8
2838,happened,789.8,790.02
2839,to,790.02,790.16
2840,put,790.16,790.24
2841,it,790.24,790.44
2842,in,790.44,790.44
2843,the,790.44,790.58
2844,math,790.58,790.76
2845,department.,790.76,791.1
2846,So,791.4,791.46
2847,people,791.46,791.74
2848,think,791.74,792.0
2849,you,792.0,792.12
2850,have,792.12,792.22
2851,to,792.22,792.34
2852,be,792.34,792.46
2853,great,792.46,792.56
2854,at,792.56,792.72
2855,"math,",792.72,792.94
2856,but,793.0,793.08
2857,in,793.08,793.24
2858,"reality,",793.24,793.48
2859,I've,793.48,793.66
2860,seen,793.66,793.98
2861,so,793.98,794.3
2862,many,794.3,794.54
2863,amazing,794.54,795.24
2864,programmers,795.24,795.72
2865,who,795.72,796.1
2866,don't,796.1,796.32
2867,feel,796.32,796.48
2868,that,796.48,796.76
2869,confident,796.76,797.06
2870,in,797.06,797.32
2871,math.,797.32,797.56
2872,And,797.56,797.72
2873,you,797.72,797.84
2874,know,797.84,798.08
2875,what?,798.08,798.48
2876,Learn,798.5,798.66
2877,to,798.66,798.86
2878,program.,798.86,799.14
2879,It'll,799.42,799.74
2880,probably,799.74,800.0
2881,help,800.0,800.46
2882,your,800.46,800.74
2883,math,800.74,801.04
2884,out,801.04,801.3
2885,because,801.3,801.86
2886,it,801.86,802.22
2887,helps,802.22,802.42
2888,you,802.42,802.96
2889,do,802.96,803.18
2890,lots,803.18,803.4
2891,of,803.4,803.54
2892,things,803.54,803.7
2893,that,803.7,803.88
2894,use,803.88,804.06
2895,logic.,804.06,804.34
2896,And,804.78,804.84
2897,math,804.84,805.02
2898,is,805.02,805.18
2899,one,805.18,805.34
2900,example,805.34,805.64
2901,of,805.64,805.82
2902,something,805.82,806.04
2903,that,806.04,806.2
2904,could,806.2,806.3
2905,use,806.3,806.48
2906,some,806.48,806.66
2907,logic.,806.66,806.88
2908,I'd,806.88,807.2
2909,say,807.2,807.42
2910,what,807.42,808.02
2911,skills,808.02,808.22
2912,do,808.22,808.46
2913,you,808.46,808.5
2914,really,808.5,808.74
2915,want,808.74,808.86
2916,to,808.86,808.98
2917,have,808.98,809.12
2918,if,809.12,809.28
2919,you,809.28,809.38
2920,want,809.38,809.5
2921,to,809.5,809.5
2922,learn,809.5,809.6
2923,how,809.6,809.76
2924,to,809.76,810.16
2925,program?,810.16,810.16
2926,The,810.46,810.66
2927,desire,810.66,810.96
2928,to,810.96,811.2
2929,build,811.2,811.4
2930,things,811.4,811.66
2931,because,811.66,811.94
2932,programming,811.94,812.24
2933,is,812.24,812.58
2934,all,812.58,812.86
2935,about,812.86,813.18
2936,making,813.18,813.42
2937,stuff,813.42,813.9
2938,and,813.9,814.1800000000001
2939,"patience,",814.1800000000001,814.52
2940,because,814.7,814.92
2941,sometimes,814.92,815.24
2942,when,815.24,815.42
2943,you're,815.42,815.46
2944,making,815.46,815.6800000000001
2945,"things,",815.6800000000001,816.26
2946,it,816.34,816.44
2947,won't,816.44,816.62
2948,work,816.62,816.8199999999999
2949,out,816.8199999999999,817.0
2950,the,817.0,817.1
2951,way,817.1,817.24
2952,you,817.24,817.42
2953,expected.,817.42,817.6800000000001
2954,And,817.96,818.12
2955,if,818.12,818.1800000000001
2956,you're,818.1800000000001,818.52
2957,"patient,",818.52,818.6800000000001
2958,you're,818.76,818.94
2959,willing,818.94,819.1800000000001
2960,to,819.1800000000001,819.38
2961,work,819.38,819.62
2962,through,819.62,819.92
2963,step,819.92,820.14
2964,by,820.14,820.3199999999999
2965,step.,820.3199999999999,820.7
2966,You'll,821.04,821.26
2967,figure,821.26,821.48
2968,it,821.48,821.58
2969,out.,821.58,822.1800000000001
2970,"Bancash,",822.38,822.8199999999999
2971,one,822.94,823.16
2972,for,823.16,823.3
2973,a,823.3,823.48
2974,one.,823.48,823.76
2975,I,824.08,824.14
2976,have,824.14,824.3199999999999
2977,always,824.3199999999999,824.54
2978,been,824.54,824.74
2979,curious,824.74,824.94
2980,about,824.94,825.14
2981,the,825.14,825.34
2982,origin,825.34,825.64
2983,of,825.64,825.96
2984,"coding,",825.96,826.48
2985,computer,826.64,826.8199999999999
2986,"software,",826.8199999999999,827.3
2987,artificial,827.98,828.08
2988,intelligence.,828.08,828.58
2989,My,829.28,829.38
2990,questions,829.38,829.64
2991,were,829.64,829.8
2992,"like,",829.8,830.28
2993,how,830.28,830.92
2994,scientists,830.92,831.36
2995,could,831.36,831.6800000000001
2996,have,831.6800000000001,832.06
2997,bridged,832.06,832.3199999999999
2998,hardware,832.3199999999999,832.58
2999,and,832.58,832.8199999999999
3000,software,832.8199999999999,833.0
3001,for,833.0,833.26
3002,the,833.26,833.36
3003,first,833.36,833.6
3004,time?,833.6,833.98
3005,What,834.46,834.64
3006,was,834.64,834.9
3007,their,834.9,835.36
3008,mean,835.36,835.56
3009,to,835.56,835.7
3010,do,835.7,835.88
3011,that?,835.88,836.3
3012,And,836.3,836.96
3013,when,836.96,837.62
3014,did,837.62,837.8
3015,they,837.8,838.14
3016,realize,838.14,838.62
3017,that,838.62,839.06
3018,such,839.06,839.26
3019,a,839.26,839.46
3020,thing,839.46,839.86
3021,could,839.86,840.06
3022,be,840.06,840.28
3023,possible?,840.28,840.8
3024,"Oh,",841.14,841.14
3025,the,841.24,841.34
3026,history,841.34,841.58
3027,is,841.58,841.84
3028,so,841.84,842.1800000000001
3029,interesting,842.1800000000001,842.58
3030,in,842.58,842.76
3031,it.,842.76,843.0
3032,It,843.28,843.28
3033,plays,843.28,843.52
3034,into,843.52,843.8199999999999
3035,so,843.8199999999999,843.98
3036,many,843.98,844.2
3037,important,844.2,844.48
3038,parts,844.48,845.1800000000001
3039,of,845.1800000000001,845.56
3040,human,845.56,845.78
3041,history.,845.78,846.1800000000001
3042,Certainly,846.8,846.8
3043,one,846.8,846.96
3044,of,846.96,847.06
3045,the,847.06,847.38
3046,turning,847.38,847.42
3047,points,847.42,847.64
3048,was,847.64,847.9
3049,World,847.9,848.12
3050,War,848.12,848.34
3051,II,848.34,848.56
3052,when,848.56,848.84
3053,Alan,848.84,849.1800000000001
3054,Turner,849.1800000000001,849.38
3055,and,849.38,849.84
3056,a,849.84,849.98
3057,group,849.98,850.12
3058,of,850.12,850.22
3059,other,850.22,850.42
3060,people,850.42,850.84
3061,in,850.84,851.02
3062,the,851.02,851.2
3063,UK,851.2,851.52
3064,came,851.52,851.84
3065,up,851.84,852.02
3066,with,852.02,852.2
3067,what,852.2,852.64
3068,some,852.64,852.86
3069,people,852.86,853.06
3070,would,853.06,853.3199999999999
3071,consider,853.3199999999999,853.54
3072,the,853.54,853.92
3073,first,853.92,854.22
3074,computer.,854.22,854.54
3075,So,855.92,856.06
3076,that,856.06,856.2
3077,they,856.2,856.34
3078,could,856.34,856.6800000000001
3079,decrypt,856.6800000000001,857.38
3080,German,857.38,858.1
3081,messages,858.1,858.46
3082,that,858.46,858.6800000000001
3083,they,858.6800000000001,858.78
3084,were,858.78,858.94
3085,sending,858.94,859.38
3086,between,859.38,859.74
3087,each,859.74,859.98
3088,other.,859.98,860.2
3089,And,860.3199999999999,860.56
3090,you,860.56,860.6800000000001
3091,needed,860.6800000000001,860.88
3092,to,860.88,861.0
3093,try,861.0,861.24
3094,a,861.24,861.44
3095,whole,861.44,861.7
3096,bunch,861.7,861.92
3097,of,861.92,862.1
3098,different,862.1,862.4
3099,secret,862.4,862.7
3100,keys,862.7,863.08
3101,if,863.08,863.38
3102,you,863.38,863.5
3103,wanted,863.5,863.7
3104,to,863.7,863.8199999999999
3105,decrypt,863.8199999999999,863.98
3106,it.,863.98,864.36
3107,They,864.36,864.6
3108,built,864.6,864.8199999999999
3109,what,864.8199999999999,865.1
3110,I,865.1,865.22
3111,would,865.22,865.44
3112,consider,865.44,865.6
3113,some,865.6,866.06
3114,of,866.06,866.06
3115,one,866.06,866.16
3116,of,866.16,866.24
3117,the,866.24,866.34
3118,first,866.34,866.54
3119,computers,866.54,866.88
3120,and,866.88,867.36
3121,would,867.36,867.54
3122,try,867.54,867.8
3123,lots,867.8,868.06
3124,and,868.06,868.1800000000001
3125,lots,868.1800000000001,868.38
3126,of,868.38,868.52
3127,different,868.52,868.6800000000001
3128,keys,868.6800000000001,869.1800000000001
3129,until,869.1800000000001,869.48
3130,it,869.48,869.58
3131,could,869.58,869.8199999999999
3132,decrypt,869.8199999999999,870.14
3133,the,870.14,870.46
3134,German,870.46,870.66
3135,messages.,870.66,871.02
3136,You,871.22,871.3
3137,could,871.3,871.48
3138,think,871.48,871.62
3139,of,871.62,871.72
3140,this,871.72,871.9
3141,as,871.9,872.02
3142,one,872.02,872.14
3143,of,872.14,872.24
3144,the,872.24,872.46
3145,first,872.46,872.52
3146,pieces,872.52,872.74
3147,of,872.74,873.02
3148,artificial,873.02,873.28
3149,intelligence,873.28,873.76
3150,because,873.76,874.94
3151,cracking,874.94,875.38
3152,someone,875.38,875.78
3153,else's,875.78,876.16
3154,"code,",876.16,876.54
3155,that,876.62,876.84
3156,sounds,876.84,877.14
3157,a,877.14,877.24
3158,lot,877.24,877.36
3159,like,877.36,877.62
3160,intelligence.,877.62,878.02
3161,But,878.28,878.54
3162,the,878.54,878.74
3163,history,878.74,879.24
3164,of,879.24,879.54
3165,software,879.54,879.9
3166,goes,879.9,880.64
3167,way,880.64,881.48
3168,before,881.48,881.94
3169,that.,881.94,882.48
3170,People,882.8199999999999,882.96
3171,were,882.96,883.46
3172,theorizing,883.46,884.08
3173,that,884.08,884.58
3174,you,884.58,884.72
3175,could,884.72,884.86
3176,have,884.86,885.02
3177,something,885.02,885.24
3178,like,885.24,885.46
3179,a,885.46,885.66
3180,computer,885.66,886.08
3181,back,886.08,886.78
3182,back,886.78,887.06
3183,in,887.06,887.2
3184,the,887.2,887.38
3185,day.,887.38,887.66
3186,In,887.78,887.92
3187,the,887.92,888.1
3188,"1800s,",888.1,888.86
3189,at,888.96,889.0
3190,a,889.0,889.3
3191,lovelace,889.3,889.7
3192,and,889.7,890.24
3193,another,890.24,890.74
3194,"professor,",890.74,891.36
3195,Charles,891.6800000000001,891.94
3196,"Babish,",891.94,892.3
3197,they,892.3,892.54
3198,were,892.54,892.58
3199,"saying,",892.58,892.92
3200,I,892.92,893.46
3201,think,893.46,893.84
3202,we,893.84,893.98
3203,could,893.98,894.2
3204,have,894.2,894.48
3205,computers,894.48,894.8
3206,that,894.8,895.26
3207,work,895.26,895.6
3208,on,895.6,895.98
3209,digital,895.98,896.5
3210,ones,896.5,897.0
3211,and,897.0,897.28
3212,zeros.,897.28,897.64
3213,And,898.14,898.1800000000001
3214,actually,898.1800000000001,898.52
3215,these,898.52,898.8
3216,things,898.8,898.98
3217,could,898.98,899.2
3218,solve,899.2,899.4
3219,problems.,899.4,899.64
3220,out,900.0,900.2
3221,of,900.2,900.34
3222,love,900.34,900.52
3223,place,900.52,900.86
3224,without,900.86,901.3
3225,even,901.3,901.6
3226,having,901.6,901.9
3227,a,901.9,902.38
3228,computer,902.38,902.52
3229,started,902.52,902.84
3230,writing,902.84,903.14
3231,all,903.14,903.34
3232,these,903.34,903.54
3233,different,903.54,904.02
3234,algorithms,904.02,904.42
3235,and,904.42,904.76
3236,programs,904.76,905.24
3237,when,905.24,905.7
3238,computers,905.7,906.02
3239,didn't,906.02,906.24
3240,even,906.24,906.38
3241,exist.,906.38,906.74
3242,And,907.06,907.06
3243,they,907.06,907.26
3244,kind,907.26,907.48
3245,of,907.48,907.48
3246,showed,907.48,907.62
3247,the,907.62,907.76
3248,world.,907.76,908.1
3249,This,908.28,908.34
3250,is,908.34,908.46
3251,gonna,908.46,908.6
3252,be,908.6,908.78
3253,cool,908.78,909.08
3254,once,909.08,909.32
3255,we,909.32,909.4
3256,have,909.4,909.52
3257,the,909.52,909.64
3258,electronics,909.64,910.02
3259,for,910.02,910.36
3260,it.,910.36,910.84
3261,NehaRDM,911.36,911.8
3262,"asks,",911.8,912.24
3263,is,912.68,912.74
3264,coding,912.74,912.98
3265,required,912.98,913.38
3266,for,913.38,913.58
3267,web,913.58,913.78
3268,design?,913.78,914.08
3269,What's,914.58,914.78
3270,web,914.78,914.94
3271,design?,914.94,915.16
3272,Web,915.26,915.44
3273,design,915.44,915.68
3274,is,915.68,915.88
3275,when,915.88,916.06
3276,you,916.06,916.34
3277,make,916.34,916.54
3278,a,916.54,916.82
3279,website,916.82,917.0
3280,and,917.0,917.64
3281,that,917.64,917.96
3282,can,917.96,918.4
3283,often,918.4,918.72
3284,involve,918.72,919.2
3285,coding.,919.2,919.5
3286,It,919.58,919.64
3287,turns,919.64,919.8
3288,out,919.8,920.02
3289,a,920.02,920.18
3290,lot,920.18,920.34
3291,of,920.34,920.36
3292,the,920.36,920.54
3293,websites,920.54,920.78
3294,you,920.78,921.04
3295,interact,921.04,921.22
3296,with.,921.22,921.62
3297,They're,921.72,921.9
3298,running,921.9,922.16
3299,a,922.16,922.44
3300,lot,922.44,922.6
3301,of,922.6,922.9
3302,interesting,922.9,923.18
3303,code,923.18,923.66
3304,underneath,923.66,923.94
3305,the,923.94,924.24
3306,hood.,924.24,924.4
3307,What,924.48,924.68
3308,happens,924.68,924.94
3309,when,924.94,925.14
3310,you,925.14,925.3
3311,click,925.3,925.48
3312,this,925.48,925.72
3313,button?,925.72,926.0
3314,When,926.18,926.32
3315,I,926.32,926.46
3316,fill,926.46,926.6
3317,in,926.6,926.68
3318,this,926.68,926.86
3319,"form,",926.86,927.28
3320,what's,927.32,927.54
3321,supposed,927.54,927.88
3322,to,927.88,928.38
3323,occur,928.38,928.7
3324,next?,928.7,929.04
3325,And,929.04,929.22
3326,people,929.22,929.4
3327,write,929.4,929.76
3328,that,929.76,929.98
3329,in,929.98,930.12
3330,a,930.12,930.26
3331,coding,930.26,930.42
3332,language.,930.42,930.78
3333,Having,930.96,931.12
3334,said,931.12,931.4
3335,"that,",931.4,931.94
3336,a,932.02,932.18
3337,big,932.18,932.38
3338,part,932.38,932.78
3339,of,932.78,933.0
3340,a,933.0,933.12
3341,web,933.12,933.26
3342,design,933.26,933.5
3343,team,933.5,933.88
3344,is,933.88,934.16
3345,also,934.16,934.62
3346,artists.,934.62,935.06
3347,People,935.42,935.58
3348,are,935.58,935.74
3349,just,935.74,935.82
3350,"thinking,",935.82,936.18
3351,how,936.36,936.38
3352,can,936.38,936.5
3353,I,936.5,936.6
3354,make,936.6,936.78
3355,this,936.78,937.04
3356,a,937.04,937.34
3357,beautiful,937.34,937.82
3358,website?,937.82,938.36
3359,Or,938.82,938.94
3360,how,938.94,939.08
3361,can,939.08,939.2
3362,I,939.2,939.3
3363,make,939.3,939.34
3364,this,939.34,939.5
3365,a,939.5,939.76
3366,beautiful,939.76,940.16
3367,user,940.16,940.64
3368,experience?,940.64,941.18
3369,And,941.18,941.46
3370,it's,941.46,941.78
3371,a,941.78,941.94
3372,really,941.94,942.16
3373,valuable,942.16,942.52
3374,skill,942.52,942.8
3375,to,942.8,943.04
3376,learn,943.04,943.52
3377,how,943.52,943.72
3378,to,943.72,943.82
3379,become,943.82,944.04
3380,that,944.04,944.42
3381,artist,944.42,944.74
3382,or,944.74,945.06
3383,that,945.06,945.26
3384,user,945.26,945.5
3385,experience,945.5,946.12
3386,designer.,946.12,946.5
3387,You,946.8,946.86
3388,don't,946.86,947.02
3389,necessarily,947.02,947.24
3390,need,947.24,947.54
3391,coding,947.54,947.74
3392,for,947.74,947.96
3393,that.,947.96,948.58
3394,Pretty,949.1,949.12
3395,"hat,",949.12,949.42
3396,"hacker,",949.42,949.74
3397,ask.,949.86,950.16
3398,The,950.3,950.38
3399,real,950.38,950.5
3400,question,950.5,950.88
3401,"is,",950.88,951.56
3402,do,951.58,951.7
3403,you,951.7,951.8
3404,need,951.8,951.98
3405,to,951.98,952.1
3406,know,952.1,952.28
3407,how,952.28,952.44
3408,to,952.44,952.54
3409,code,952.54,952.82
3410,in,952.82,952.96
3411,order,952.96,953.22
3412,to,953.22,953.36
3413,hack?,953.36,953.9
3414,Why,953.94,954.12
3415,or,954.12,954.24
3416,why,954.24,954.38
3417,not?,954.38,954.7
3418,We,954.76,954.84
3419,should,954.84,954.98
3420,break,954.98,955.12
3421,down,955.12,955.3
3422,what,955.3,955.48
3423,hack,955.48,955.7
3424,means,955.7,955.84
3425,because,955.84,956.02
3426,it,956.02,956.1
3427,means,956.1,956.24
3428,different,956.24,956.44
3429,things,956.44,956.68
3430,to,956.68,956.78
3431,different,956.78,956.92
3432,people.,956.92,957.3
3433,To,957.3,957.56
3434,some,957.56,957.76
3435,"people,",957.76,958.02
3436,hacking,958.1,958.3
3437,means,958.3,958.86
3438,breaking,958.86,959.2
3439,into,959.2,959.58
3440,someone's,959.58,960.24
3441,website,960.24,960.6
3442,or,960.6,960.94
3443,something,960.94,961.2
3444,like,961.2,961.44
3445,"that,",961.44,961.62
3446,maybe,961.78,961.82
3447,getting,961.82,962.02
3448,into,962.02,962.22
3449,a,962.22,962.58
3450,database,962.58,962.6
3451,stealing,962.6,962.96
3452,some,962.96,963.22
3453,passwords.,963.22,963.46
3454,In,963.64,963.82
3455,my,963.82,964.1
3456,"field,",964.1,964.26
3457,we,964.28,964.36
3458,actually,964.36,964.6800000000001
3459,call,964.6800000000001,964.8199999999999
3460,that,964.8199999999999,965.26
3461,cracking.,965.26,965.62
3462,And,965.88,965.94
3463,that's,965.94,966.3199999999999
3464,quite,966.3199999999999,966.7
3465,illegal.,966.7,967.02
3466,And,967.02,967.1800000000001
3467,I,967.1800000000001,967.28
3468,wouldn't,967.28,967.48
3469,recommend,967.48,967.72
3470,people,967.72,968.02
3471,do,968.02,968.22
3472,that.,968.22,968.44
3473,Hacking,968.6800000000001,968.94
3474,in,968.94,969.42
3475,the,969.42,969.52
3476,world,969.52,969.6800000000001
3477,of,969.6800000000001,969.88
3478,computer,969.88,970.04
3479,science,970.04,970.3199999999999
3480,sometimes,970.3199999999999,970.74
3481,is,970.74,971.34
3482,a,971.34,971.54
3483,shorthand,971.54,971.78
3484,for,971.78,972.38
3485,writing,972.38,972.6
3486,really,972.6,973.06
3487,impressive,973.06,973.34
3488,code.,973.34,973.74
3489,Regardless,973.78,974.12
3490,of,974.12,974.72
3491,which,974.72,974.94
3492,version,974.94,975.2
3493,you're,975.2,975.36
3494,doing,975.36,975.58
3495,the,975.58,975.8199999999999
3496,illegal,975.8199999999999,976.04
3497,version,976.04,976.48
3498,or,976.48,976.86
3499,the,976.86,977.28
3500,less,977.28,977.58
3501,illegal,977.58,977.8
3502,"version,",977.8,978.22
3503,if,978.34,978.56
3504,you,978.56,978.74
3505,want,978.74,978.9
3506,to,978.9,978.98
3507,be,978.98,979.12
3508,doing,979.12,979.46
3509,really,979.46,979.78
3510,interesting,979.78,980.1
3511,things,980.1,980.56
3512,with,980.56,980.88
3513,"computers,",980.88,981.2
3514,that,981.4,981.5
3515,maybe,981.5,981.76
3516,go,981.76,981.92
3517,against,981.92,982.12
3518,the,982.12,982.28
3519,"grain,",982.28,982.52
3520,certainly,982.7,983.04
3521,knowing,983.04,983.36
3522,how,983.36,983.5
3523,to,983.5,983.62
3524,code,983.62,983.74
3525,is,983.74,983.94
3526,important.,983.94,984.1800000000001
3527,Don't,984.56,984.8199999999999
3528,do,984.8199999999999,984.96
3529,anything,984.96,985.2
3530,illegal,985.2,985.4
3531,at,985.4,985.6
3532,home.,985.6,985.94
3533,Jerry,985.94,986.24
3534,"Bandito,",986.24,986.8199999999999
3535,why,987.2,987.6
3536,is,987.6,987.84
3537,coding,987.84,988.16
3538,important?,988.16,988.6800000000001
3539,Coding,989.06,989.34
3540,is,989.34,989.74
3541,how,989.74,989.96
3542,you,989.96,990.2
3543,get,990.2,990.52
3544,computers,990.52,990.78
3545,to,990.78,991.0
3546,do,991.0,991.1
3547,things,991.1,991.4
3548,for,991.4,991.84
3549,you.,991.84,992.1800000000001
3550,So,992.64,992.8
3551,the,992.8,993.3199999999999
3552,ability,993.3199999999999,993.52
3553,to,993.52,993.74
3554,communicate,993.74,994.08
3555,with,994.08,994.4
3556,computers,994.4,994.6800000000001
3557,is,994.6800000000001,994.98
3558,just,994.98,995.22
3559,such,995.22,995.7
3560,a,995.7,995.78
3561,powerful,995.78,996.24
3562,tool,996.24,996.6800000000001
3563,to,996.6800000000001,996.84
3564,"have,",996.84,997.46
3565,whether,997.52,997.74
3566,you're,997.74,998.04
3567,not,998.04,998.2
3568,you're,998.2,998.44
3569,doing,998.44,998.62
3570,data,998.62,998.88
3571,science,998.88,999.3199999999999
3572,or,999.3199999999999,1000.16
3573,you're,1000.16,1000.36
3574,in,1000.36,1000.48
3575,policy,1000.48,1000.78
3576,or,1000.78,1001.08
3577,you're,1001.08,1001.3
3578,in,1001.3,1001.46
3579,art.,1001.46,1001.7
3580,No,1001.78,1002.0
3581,matter,1002.0,1002.1800000000001
3582,what,1002.1800000000001,1002.46
3583,you're,1002.46,1002.58
3584,"doing,",1002.58,1003.04
3585,there's,1003.28,1003.4
3586,probably,1003.4,1003.74
3587,a,1003.74,1003.94
3588,time,1003.94,1004.2
3589,when,1004.2,1004.7
3590,your,1004.7,1005.0
3591,career,1005.0,1005.24
3592,would,1005.24,1005.46
3593,benefit,1005.46,1005.7
3594,from,1005.7,1006.0
3595,being,1006.0,1006.28
3596,able,1006.28,1006.52
3597,to,1006.52,1006.76
3598,speak,1006.76,1006.92
3599,the,1006.92,1007.2
3600,language,1007.2,1007.3199999999999
3601,of,1007.3199999999999,1007.72
3602,computers.,1007.72,1008.0
3603,But,1008.22,1008.34
3604,I,1008.34,1008.44
3605,also,1008.44,1008.66
3606,think,1008.66,1008.96
3607,coding,1008.96,1009.28
3608,isn't,1009.28,1009.64
3609,just,1009.64,1010.04
3610,"useful,",1010.04,1010.46
3611,it's,1010.66,1011.14
3612,also,1011.14,1011.58
3613,beautiful.,1011.58,1012.0
3614,It,1012.38,1012.62
3615,is,1012.62,1013.2
3616,a,1013.2,1013.66
3617,really,1013.66,1014.1800000000001
3618,beautiful,1014.1800000000001,1014.72
3619,process,1014.72,1015.24
3620,of,1015.24,1015.62
3621,how,1015.62,1015.84
3622,you,1015.84,1016.16
3623,speak,1016.16,1016.36
3624,to,1016.36,1016.48
3625,the,1016.48,1016.62
3626,"computer,",1016.62,1016.84
3627,how,1017.06,1017.16
3628,you,1017.16,1017.42
3629,create,1017.42,1017.66
3630,things,1017.66,1017.94
3631,out,1017.94,1018.06
3632,of,1018.06,1018.2
3633,nothing.,1018.2,1018.38
3634,When,1018.48,1018.6
3635,I'm,1018.6,1018.9
3636,"coding,",1018.9,1019.2
3637,I,1019.66,1019.78
3638,take,1019.78,1020.06
3639,ideas,1020.06,1020.58
3640,in,1020.58,1020.86
3641,my,1020.86,1021.12
3642,mind,1021.12,1021.38
3643,and,1021.38,1021.54
3644,I,1021.54,1021.74
3645,make,1021.74,1021.88
3646,them,1021.88,1022.2
3647,into,1022.2,1022.4
3648,reality.,1022.4,1022.8
3649,Sometimes,1023.02,1023.3
3650,that's,1023.3,1023.66
3651,useful,1023.66,1023.84
3652,and,1023.84,1024.24
3653,sometimes,1024.24,1024.52
3654,it's,1024.52,1024.84
3655,just,1024.84,1025.06
3656,a,1025.06,1025.26
3657,beautiful,1025.26,1025.56
3658,process.,1025.56,1026.0
3659,"Okay,",1026.72,1026.72
3660,that's,1026.98,1027.04
3661,all,1027.04,1027.16
3662,the,1027.16,1027.28
3663,questions.,1027.28,1027.58
3664,Hope,1027.7,1027.8
3665,you,1027.8,1027.92
3666,learned,1027.92,1028.04
3667,something.,1028.04,1028.42
3668,Till,1028.5,1028.58
3669,next,1028.58,1028.76
3670,time.,1028.76,1028.96
